cluster,ins_mean,ins_median,ins_var,ins_std,ins_p05,ins_p25,ins_p50,ins_p75,ins_p95,del_mean,del_median,del_var,del_std,del_p05,del_p25,del_p50,del_p75,del_p95
AA,0.38178903110671913,0.3783713944816604,0.0016408784365103692,0.04050775773244391,0.3208769324866738,0.3549069120305791,0.3783713944816604,0.4109836709820381,0.4346350489546809,0.23869458906447305,0.23729534211362013,0.0007469151487488573,0.02732974842088484,0.19917733588737346,0.2177233188432998,0.23729534211362013,0.2569746137520913,0.27911625719417904
