cluster,ins_mean,ins_median,ins_var,ins_std,ins_p05,ins_p25,ins_p50,ins_p75,ins_p95,del_mean,del_median,del_var,del_std,del_p05,del_p25,del_p50,del_p75,del_p95
A,0.36808961689925435,0.3615089063760354,0.0015325371700189614,0.039147633006593914,0.30377904166648617,0.3557913684919276,0.3615089063760354,0.39858241086644364,0.419186945021454,0.2878870697494027,0.2798041639434783,0.002893732152511212,0.05379342108949023,0.2132584460441851,0.25505665450684945,0.2798041639434783,0.33489777498154605,0.3637774600750377
