cluster,ins_mean,ins_median,ins_var,ins_std,ins_p05,ins_p25,ins_p50,ins_p75,ins_p95,del_mean,del_median,del_var,del_std,del_p05,del_p25,del_p50,del_p75,del_p95
A,0.3636424589784953,0.36395514242610183,0.0008243314957613215,0.0287111737092255,0.3283362290113209,0.33733032176389843,0.36395514242610183,0.3796635118996521,0.40863964655735013,0.23872864415047237,0.22833883798137827,0.00150900889607634,0.03884596370379219,0.18739084386911772,0.21545075573007877,0.22833883798137827,0.26918371956727993,0.2993734002447352
