cluster,ins_mean,ins_median,ins_var,ins_std,ins_p05,ins_p25,ins_p50,ins_p75,ins_p95,del_mean,del_median,del_var,del_std,del_p05,del_p25,del_p50,del_p75,del_p95
A,0.32393646064253323,0.3161416119074242,0.0012624528098346458,0.0355310119449847,0.28177220387985386,0.29701984366281864,0.3161416119074242,0.3368074928415774,0.3866969715595967,0.20729799275879462,0.19958031303522766,0.0008813785247109885,0.029688019885317184,0.1690516504674634,0.1888131078132837,0.19958031303522766,0.2262961085217031,0.2563382217371578
