cluster,ins_mean,ins_median,ins_var,ins_std,ins_p05,ins_p25,ins_p50,ins_p75,ins_p95,del_mean,del_median,del_var,del_std,del_p05,del_p25,del_p50,del_p75,del_p95
AC,0.37832924677074153,0.3924304224487424,0.0017121509461085788,0.041378145754837524,0.30696241627524,0.35640068226992494,0.3924304224487424,0.39817873608011883,0.4320506682862504,0.3620515751038606,0.3580588827918347,0.0006909230144111855,0.026285414480490613,0.32906919040883775,0.33919225651081475,0.3580588827918347,0.3785301460604613,0.40397710477046767
AD,0.4177567075195649,0.41800230347196127,0.001908590071787926,0.043687413196342104,0.36654356494078594,0.37404421347701367,0.41800230347196127,0.4459177693178869,0.4861479308351695,0.3589635172611805,0.3632268027309461,0.0024915270141703345,0.049915198228298506,0.28032932454022463,0.3229481339770756,0.3632268027309461,0.4065354143482805,0.4183230328346716
AB,0.4752105992544921,0.4713372809373973,0.0025727086366471603,0.050721875326600066,0.40001097670130226,0.4406946416889572,0.4713372809373973,0.515620759196502,0.5384536777620431,0.3588172735641696,0.3329256333970977,0.003768121815036174,0.0613850292419591,0.277079062943856,0.32057614396056633,0.3329256333970977,0.40083225151784796,0.4560069658091802
AA,0.40906636023698656,0.40504594257788656,0.0018529556311475083,0.04304597113723314,0.3580661748531503,0.38602576004354566,0.40504594257788656,0.41650445190322827,0.4835547780468037,0.3838741053857253,0.38750332374529534,0.0009863531507913654,0.0314062597389655,0.34472420805278514,0.3502012688344761,0.38750332374529534,0.4007782774907078,0.4316923555552013
