cluster,ins_mean,ins_median,ins_var,ins_std,ins_p05,ins_p25,ins_p50,ins_p75,ins_p95,del_mean,del_median,del_var,del_std,del_p05,del_p25,del_p50,del_p75,del_p95
AB,0.4410711179814594,0.4457749696923972,0.0006415805541674604,0.025329440462976287,0.398839401545519,0.43117081065800494,0.4457749696923972,0.45587312886192766,0.4730632360754664,0.39280127747353466,0.38401558549951126,0.00400593363518032,0.06329244532470144,0.29944144312362425,0.34727566822811773,0.38401558549951126,0.44855606649930446,0.47583794803119184
AA,0.4639696291503812,0.4658626247077251,0.000763785629522155,0.02763667182426558,0.4277628882803495,0.4441893441220596,0.4658626247077251,0.47735002445531083,0.5100413309157525,0.3568495468736471,0.3641005463724739,0.0009306356414284185,0.030506321335559593,0.30560372027111515,0.34530276162856854,0.3641005463724739,0.37022661316655353,0.39972401011871106
