cluster,ins_mean,ins_median,ins_var,ins_std,ins_p05,ins_p25,ins_p50,ins_p75,ins_p95,del_mean,del_median,del_var,del_std,del_p05,del_p25,del_p50,del_p75,del_p95
AA,0.3879502957701792,0.3879770843984226,0.0008826504271075169,0.02970943330168916,0.34063558144194445,0.37471173959655757,0.3879770843984226,0.40334611677242294,0.4342555159979601,0.27230703186989724,0.2744280343204269,0.0011622940217530207,0.03409243349708291,0.21142408121407227,0.2642265185950201,0.2744280343204269,0.295036042850107,0.3167553847766976
