cluster,ins_mean,ins_median,ins_var,ins_std,ins_p05,ins_p25,ins_p50,ins_p75,ins_p95,del_mean,del_median,del_var,del_std,del_p05,del_p25,del_p50,del_p75,del_p95
AC,0.48328826286989374,0.4783212103759036,0.0018525667055195323,0.0430414533388399,0.42354311542992273,0.45336069112724164,0.4783212103759036,0.5171400424894197,0.5483202550066394,0.5633772658446231,0.5548089773773064,0.0033257177340862572,0.05766903618135348,0.48501384684264737,0.5198141659521534,0.5548089773773064,0.6002466476773034,0.6512995512183142
AB,0.45191059724466937,0.4445691248407256,0.003226789353807101,0.0568048356551368,0.37402647817016965,0.42371726533716664,0.4445691248407256,0.4708999869617172,0.5463552429933771,0.41504963198623235,0.4082827994767201,0.0013725313369870836,0.037047690035777986,0.36591620884118825,0.3912759288295037,0.4082827994767201,0.4414455164880429,0.468878225723912
AA,0.5004410524068366,0.49333224653632024,0.0007751874755218925,0.02784218877031568,0.4620854062560421,0.480135910964275,0.49333224653632024,0.5286145094295059,0.5361944508071976,0.44968600756266813,0.43566134901359865,0.0016215012277098608,0.04026786842769134,0.4017336256926653,0.4181171338924703,0.43566134901359865,0.47599393709841237,0.5142597764699204
