cluster,ins_mean,ins_median,ins_var,ins_std,ins_p05,ins_p25,ins_p50,ins_p75,ins_p95,del_mean,del_median,del_var,del_std,del_p05,del_p25,del_p50,del_p75,del_p95
A,0.36491169610617186,0.356198214415808,0.00046600763206313,0.021587209918447776,0.33655289056129745,0.3470465441062248,0.356198214415808,0.3866522042445226,0.39160822946205465,0.25813729700654037,0.25536178769757023,0.000783097699509239,0.027983882852621416,0.21913436346759066,0.24324685861492062,0.25536178769757023,0.27543576999430597,0.2998708456008009
