iteration,test_loss,accuracy,f1score,precision,recall,accuracy_per_0,accuracy_per_1,accuracy_per_2,accuracy_per_3,accuracy_per_4,accuracy_per_5,accuracy_per_6,accuracy_per_7
,0.3187279903462955,0.9334112149532711,0.9221943329067592,0.9225806991701699,0.9271194344239987,0.7868852459016393,0.9871794871794872,0.9870967741935484,0.8103448275862069,0.9344262295081968,0.9440559440559441,0.9669669669669669,1.0
