iteration,test_loss,accuracy,f1score,precision,recall,accuracy_per_0,accuracy_per_1,accuracy_per_2,accuracy_per_3,accuracy_per_4,accuracy_per_5,accuracy_per_6,accuracy_per_7,accuracy_per_8,accuracy_per_9
79,0.46968203349204,0.878,0.8779460856495378,0.8776918355677363,0.8784927600125332,0.9006342494714588,0.9428571428571428,0.8192771084337349,0.7412451361867705,0.8752475247524752,0.812375249500998,0.919921875,0.9098039215686274,0.936,0.9275653923541247
