iteration,test_loss,accuracy,f1score,precision,recall,accuracy_per_0,accuracy_per_1,accuracy_per_2,accuracy_per_3,accuracy_per_4,accuracy_per_5,accuracy_per_6,accuracy_per_7
,0.23248436035854475,0.9485981308411215,0.9422681634153243,0.9415426582109188,0.9432377798289238,0.9098360655737705,0.9967948717948718,0.9548387096774194,0.8689655172413793,0.9836065573770492,0.8601398601398601,0.975975975975976,0.9957446808510638
