iteration,test_loss,accuracy,f1score,precision,recall,accuracy_per_0,accuracy_per_1,accuracy_per_2,accuracy_per_3,accuracy_per_4,accuracy_per_5,accuracy_per_6,accuracy_per_7,accuracy_per_8
,0.635922872190234,0.7644942023190724,0.7606398018614595,0.762913890978832,0.7593519086407312,0.9452449567723343,0.9110690633869442,0.5963541666666666,0.9316608996539792,0.6876404494382022,0.7540620384047267,0.6202964652223489,0.5875598086124402,0.8002793296089385
