cluster,ins_mean,ins_median,ins_var,ins_std,ins_p05,ins_p25,ins_p50,ins_p75,ins_p95,del_mean,del_median,del_var,del_std,del_p05,del_p25,del_p50,del_p75,del_p95
AB,0.7778358198683261,0.7824433602699946,0.0006250433222187092,0.025000866429360186,0.7414594826537091,0.7608255930295409,0.7824433602699946,0.7905278420204217,0.8124506948343526,0.4913353386978782,0.4851805230520062,0.0014053621587795616,0.03748816024799779,0.43249114148274,0.47567587922403987,0.4851805230520062,0.5227184094159272,0.5446785778487018
AC,0.798453835687938,0.815389594737284,0.0026919355500684364,0.05188386599000152,0.720870438612293,0.7556432591344178,0.815389594737284,0.8349848276037225,0.8643895569651296,0.5749244896417959,0.5859426948775817,0.0025583787806548906,0.050580418945031395,0.5129876982803896,0.5268257414957673,0.5859426948775817,0.6150725090900504,0.6461478186698694
AA,0.7709099271045395,0.7869642425122985,0.0017941882221207141,0.042357859036083426,0.7078215551566653,0.7387850120787678,0.7869642425122985,0.7909323638391106,0.8275873933957274,0.5281668887068007,0.5297333430705238,0.0029395254565030855,0.05421739072016547,0.45966013754005,0.4864888785511855,0.5297333430705238,0.5701270891782946,0.6084837141765973
