cluster,ins_mean,ins_median,ins_var,ins_std,ins_p05,ins_p25,ins_p50,ins_p75,ins_p95,del_mean,del_median,del_var,del_std,del_p05,del_p25,del_p50,del_p75,del_p95
AAB,0.5498119888576213,0.5444861588169703,0.0026549400167811036,0.051526110048994614,0.48060069791292803,0.5018088499355396,0.5444861588169703,0.5971118124180681,0.6185541770039976,0.448474353666832,0.44719852437474045,0.0021731904631240623,0.046617490956979465,0.3891514285930685,0.40962028337987355,0.44719852437474045,0.4770930285431007,0.5230547774810106
AAAAA,0.5074077235010882,0.4812932275411444,0.003108529678922202,0.055754189788052716,0.45940239276793404,0.47181421247846045,0.4812932275411444,0.5136243029955357,0.6195097122693134,0.3909872551521184,0.4027186233708193,0.0018119188264788756,0.04256663983072748,0.3271451731644696,0.3528891853850876,0.4027186233708193,0.422979493273884,0.4444782211870148
AB,0.7340393130981002,0.7262170765354999,0.0017040862541481642,0.04128057962466327,0.6930201861210136,0.6984634352823268,0.7262170765354999,0.7495296275503434,0.8091642984246595,0.5027956461277453,0.5130186667476052,0.0014848263524377188,0.03853344459606121,0.44796687729604334,0.47246098051809615,0.5130186667476052,0.5347120195090677,0.5553530469557877
AAAB,0.5184930950794745,0.5115365953518365,0.0012418606704195302,0.035240043564381845,0.4684010704387253,0.49430881857832376,0.5115365953518365,0.5509783573327107,0.5637838536967454,0.3666943431890744,0.37246187171723305,0.0007409754458897488,0.027220864165006752,0.32196309018727404,0.3503276572557962,0.37246187171723305,0.38595496136335816,0.401692438059708
AAAAB,0.5334242771585967,0.5483842006964119,0.0020539057846343622,0.045320037341493466,0.456980135132752,0.5074656728340382,0.5483842006964119,0.5612845774110033,0.5904621431024832,0.38617566023387884,0.38764389325003373,0.0029654819267730614,0.054456238639599974,0.31111219943305224,0.33272124627071376,0.38764389325003373,0.4312041839305751,0.45475837439182315
