cluster,ins_mean,ins_median,ins_var,ins_std,ins_p05,ins_p25,ins_p50,ins_p75,ins_p95,del_mean,del_median,del_var,del_std,del_p05,del_p25,del_p50,del_p75,del_p95
AB,0.6523136115778165,0.6514527731729426,0.0008558839930065873,0.029255495090778884,0.6098708753960618,0.6337952520249872,0.6514527731729426,0.6770653492037041,0.6905089524489443,0.3792381395422948,0.37483541708563134,0.0016723999474385417,0.04089498682526431,0.3218225134235767,0.3517745982463817,0.37483541708563134,0.40725433218688767,0.43935156142298387
AC,0.5647650176909896,0.5703120245455707,0.0012473116356961052,0.0353172993828252,0.49915671776155307,0.5650631131235901,0.5703120245455707,0.581485727646154,0.6057286197800731,0.3601945824766962,0.3503683043874881,0.0005711519389947877,0.02389878530375106,0.33409626196990594,0.3452940438264333,0.3503683043874881,0.3709555688259496,0.4023488230684924
AA,0.5505184257146462,0.5617632328016859,0.0015097892090590098,0.038856006087334936,0.4929941756263465,0.5224248193714573,0.5617632328016859,0.5683126357106797,0.6092667868300936,0.3253580887746061,0.3292075891936107,0.00031620772450424267,0.01778223058292302,0.29924307679304396,0.30992063611798976,0.3292075891936107,0.33578745525604675,0.34983027892919416
