cluster,ins_mean,ins_median,ins_var,ins_std,ins_p05,ins_p25,ins_p50,ins_p75,ins_p95,del_mean,del_median,del_var,del_std,del_p05,del_p25,del_p50,del_p75,del_p95
AB,0.5962878227788839,0.5859875501630494,0.004500017410140464,0.06708216909239342,0.5033002157614892,0.5525863224605463,0.5859875501630494,0.6269120618009947,0.7072836947080532,0.4412891198919041,0.4439219182101755,0.0016557110052087592,0.04069042891404266,0.38615411019187684,0.4063597787646233,0.4439219182101755,0.46735576445598614,0.500510581997704
AC,0.6398208676996054,0.639807646570487,0.0035192485907441454,0.05932325505856995,0.5576273089040813,0.6026758842684298,0.639807646570487,0.673185554927973,0.7257550039829044,0.5076073634190047,0.5104181397367503,0.0030204686641660955,0.05495879059955828,0.4428622138966545,0.4611812030097661,0.5104181397367503,0.5409092821945606,0.594422340107134
AA,0.7235727609397938,0.7376416597357105,0.002941300016556141,0.05423375348024642,0.6454172190236145,0.6736311045711183,0.7376416597357105,0.7515160994235645,0.8036151539696342,0.39318901615158275,0.38343646899335243,0.0011793163320690826,0.034341175461377015,0.35336939720642624,0.37205777454249833,0.38343646899335243,0.4009026189000705,0.4551064430678682
