cluster,ins_mean,ins_median,ins_var,ins_std,ins_p05,ins_p25,ins_p50,ins_p75,ins_p95,del_mean,del_median,del_var,del_std,del_p05,del_p25,del_p50,del_p75,del_p95
AB,0.5690464405549546,0.5819215794095095,0.001016570165724438,0.03188369749142088,0.5209293109452415,0.5462719227624041,0.5819215794095095,0.5895357551559514,0.6123053887146933,0.464150843253964,0.4530171053672663,0.001814432980749183,0.04259616157295377,0.40729057138608427,0.44409262168519736,0.4530171053672663,0.4937843005564919,0.5318339297037358
AC,0.5737035189312654,0.569035988087289,0.0015268020239754562,0.039074314120345816,0.5212334897014803,0.5498105733943666,0.569035988087289,0.5861404140691961,0.6397312819834191,0.45218038196328597,0.46299153966272716,0.001399009445462705,0.037403334683724455,0.38761899605615047,0.43439648107772766,0.46299153966272716,0.4761807598325105,0.4894397165081544
AA,0.5530361084543456,0.5369038787099383,0.0020045879854232577,0.0447726254023958,0.4989664915479033,0.5194256502053677,0.5369038787099383,0.5840995660151274,0.6198312835653065,0.3069261213779249,0.30702563528211846,0.0013294779840469719,0.03646200740561292,0.2558807772151653,0.28323858820853565,0.30702563528211846,0.32446271328098514,0.36574553115306424
