iteration,test_loss,accuracy,f1score,precision,recall,accuracy_per_0,accuracy_per_1,accuracy_per_2,accuracy_per_3,accuracy_per_4,accuracy_per_5,accuracy_per_6,accuracy_per_7,accuracy_per_8
,0.45160124196281914,0.8453618552578969,0.8427875293890636,0.8453256118278918,0.8414905647942115,0.9740634005763689,0.9716177861873226,0.7248263888888888,0.9645328719723183,0.8382022471910112,0.8522895125553914,0.7080957810718358,0.6717703349282297,0.8680167597765364
