cluster,ins_mean,ins_median,ins_var,ins_std,ins_p05,ins_p25,ins_p50,ins_p75,ins_p95,del_mean,del_median,del_var,del_std,del_p05,del_p25,del_p50,del_p75,del_p95
AB,0.662466679531933,0.6735796032967297,0.0024056120273471646,0.049047038925374126,0.5897642893881332,0.6275258073521232,0.6735796032967297,0.6966573372609184,0.7295097883423064,0.26945452603913395,0.2653514200029411,0.0003770604458537674,0.01941804433648681,0.24174255793261185,0.2584359934553926,0.2653514200029411,0.281887008776591,0.29758352493804047
AA,0.6743255335968837,0.692666865203679,0.0026601454227240576,0.05157659762648228,0.6009771319020367,0.6278532554591753,0.692666865203679,0.7129337268158338,0.7389464200977136,0.31635375872449784,0.32008640075755224,0.0014105358743288644,0.03755710151660887,0.27622079177526626,0.284039882720422,0.32008640075755224,0.334254599005041,0.3770605236910695
