cluster,ins_mean,ins_median,ins_var,ins_std,ins_p05,ins_p25,ins_p50,ins_p75,ins_p95,del_mean,del_median,del_var,del_std,del_p05,del_p25,del_p50,del_p75,del_p95
AB,0.5678336801363604,0.5569676075834383,0.001984436683411604,0.044547016548940783,0.5086615611337276,0.5341374576500807,0.5569676075834383,0.5991130812389299,0.6355383136566666,0.5321126903277277,0.512245313539504,0.0024686240399662165,0.04968524972228897,0.4711202717848,0.49004816844864574,0.512245313539504,0.5813389478594093,0.6008242737545291
AC,0.705427734065733,0.7028897358172331,0.0019219425265954613,0.04383996494747072,0.6486942094552884,0.6613831049086716,0.7028897358172331,0.7436659640741488,0.767898722758191,0.4409779519090024,0.4304248963855727,0.0025550123439603218,0.05054712992802184,0.3724422505732128,0.4160004906197712,0.4304248963855727,0.47013407786020134,0.5221783544834574
AA,0.6828242998244819,0.6878485359420834,0.0017883744685099475,0.04228917673010374,0.6223216492757304,0.648692733185231,0.6878485359420834,0.7041210498625029,0.7472181577504262,0.41104330977091713,0.4121053583739378,0.0014836321594710496,0.03851794594044508,0.3539045384295997,0.38158479086428737,0.4121053583739378,0.4410271982216614,0.4577158180055171
