cluster,ins_mean,ins_median,ins_var,ins_std,ins_p05,ins_p25,ins_p50,ins_p75,ins_p95,del_mean,del_median,del_var,del_std,del_p05,del_p25,del_p50,del_p75,del_p95
AB,0.6847773213078108,0.6797686740629697,0.0009122234152211979,0.03020303652319081,0.6411031297442483,0.6620378259046857,0.6797686740629697,0.7083901114717445,0.7234105027569455,0.5683384975693779,0.5885068270354209,0.0010236042438740687,0.03199381571294785,0.5267616541098428,0.5372083994828214,0.5885068270354209,0.5941124113762679,0.6059805978964683
AC,0.6849556791597399,0.6892740674790724,0.0019315627213908509,0.043949547453766245,0.6142412137325814,0.6686775694478994,0.6892740674790724,0.7125599531803297,0.7437350817579622,0.4113757390090562,0.41425707851782023,0.0011539187523958486,0.033969379629246226,0.3517696721540743,0.39807680329535566,0.41425707851782023,0.43415443865668846,0.4515357036735994
AA,0.6665779524113892,0.6571768914023831,0.0022206333167685915,0.0471235961782268,0.608319273643606,0.6419920118150078,0.6571768914023831,0.679422863881566,0.7515633351967405,0.440673013217415,0.438989536282173,0.001536042385750245,0.03919237662799036,0.3898032925719359,0.4085110127532072,0.438989536282173,0.46331718251878506,0.5055258608525119
