cluster,ins_mean,ins_median,ins_var,ins_std,ins_p05,ins_p25,ins_p50,ins_p75,ins_p95,del_mean,del_median,del_var,del_std,del_p05,del_p25,del_p50,del_p75,del_p95
AA,0.6490398668006438,0.6336130274317486,0.0054850635061332005,0.07406121458721293,0.5427480632357439,0.6006020723503163,0.6336130274317486,0.7227011855775883,0.7489064024695409,0.29853402644989907,0.29104927363593863,0.0014534632766361195,0.03812431345789875,0.2572137077869285,0.2688530858930894,0.29104927363593863,0.3109678242771582,0.3676608341756278
