cluster,ins_mean,ins_median,ins_var,ins_std,ins_p05,ins_p25,ins_p50,ins_p75,ins_p95,del_mean,del_median,del_var,del_std,del_p05,del_p25,del_p50,del_p75,del_p95
AA,0.4514252488843076,0.4395427160387764,0.0016586822195068498,0.040726922539112254,0.40048392145282663,0.43086783891834657,0.4395427160387764,0.4700420680915186,0.5225809371232379,0.5214622371452902,0.5356490790710258,0.0012043187954440288,0.034703296607729195,0.46773232418477523,0.49376657402423413,0.5356490790710258,0.5514539713800792,0.5620267385279307
