cluster,ins_mean,ins_median,ins_var,ins_std,ins_p05,ins_p25,ins_p50,ins_p75,ins_p95,del_mean,del_median,del_var,del_std,del_p05,del_p25,del_p50,del_p75,del_p95
A,0.6011424903134983,0.6062869440678568,0.003276642968224167,0.05724196859144667,0.51949725383142,0.5575500080515129,0.6062869440678568,0.6396435141216221,0.682713852650601,0.3201785880888229,0.3254507940711102,0.0006482126985763828,0.025460021574546687,0.2877225785129856,0.29514451784983464,0.3254507940711102,0.33965985178659885,0.3558194261242981
