cluster,ins_mean,ins_median,ins_var,ins_std,ins_p05,ins_p25,ins_p50,ins_p75,ins_p95,del_mean,del_median,del_var,del_std,del_p05,del_p25,del_p50,del_p75,del_p95
AB,0.6120159311887376,0.6150715391168668,0.0019223403103915465,0.04384450148412622,0.5562560217669481,0.5701290267329158,0.6150715391168668,0.6414522650482104,0.6733078105452536,0.3640439867353061,0.35798073845574874,0.0022319221296224975,0.04724322310789662,0.3068394019522702,0.32685169691458327,0.35798073845574874,0.3954020138107456,0.43579924058568675
AC,0.6077829862746335,0.5928384174458472,0.002328581084186149,0.04825537363015801,0.5461385440333082,0.5731994955131531,0.5928384174458472,0.6496218275905029,0.6770433518815797,0.4312477734959455,0.44747968998145027,0.001579934157531746,0.03974838559654651,0.3722779302439737,0.40065878512553976,0.44747968998145027,0.45795946088135536,0.4860747962544434
AA,0.6976516078767327,0.6969226358286054,0.0031411266531066896,0.056045754996312515,0.6242478155395668,0.6511781600248123,0.6969226358286054,0.7434022231440915,0.7779820915902784,0.31704672712877824,0.29897569183986933,0.0016687632709125365,0.04085049902892909,0.2707007944405676,0.2962837335912518,0.29897569183986933,0.3364867465281264,0.3910711751041518
