cluster,ins_mean,ins_median,ins_var,ins_std,ins_p05,ins_p25,ins_p50,ins_p75,ins_p95,del_mean,del_median,del_var,del_std,del_p05,del_p25,del_p50,del_p75,del_p95
AB,0.61670689949704,0.5960533904665711,0.0026246262138117566,0.05123110592024885,0.5493744808087468,0.5912267551601649,0.5960533904665711,0.6472097301570072,0.6987887529079372,0.501545544102176,0.5170724412300833,0.004041513782668418,0.06357290132335017,0.4078548885442773,0.44970856926389063,0.5170724412300833,0.5404328172134176,0.5869808652206223
AC,0.6532669286703735,0.6470130579110289,0.000726168871542993,0.026947520693803965,0.6127095534659615,0.6436688384542562,0.6470130579110289,0.6706153468921537,0.6955021842278142,0.44582385607227354,0.4480299144128085,0.0005813496211326517,0.024111192860011132,0.40767852699613816,0.44218565241042596,0.4480299144128085,0.45806897000432956,0.47345887789927893
AA,0.5746589286057332,0.5775680958236588,0.003368448976229129,0.058038340570946104,0.49106148356222945,0.5338230408534521,0.5775680958236588,0.6034326655930448,0.667428045115201,0.5711790756710238,0.5756581336688072,0.004495804926787219,0.06705076380465191,0.4644131891693155,0.5218765535100618,0.5756581336688072,0.6283047920768463,0.6524239784317688
