cluster,ins_mean,ins_median,ins_var,ins_std,ins_p05,ins_p25,ins_p50,ins_p75,ins_p95,del_mean,del_median,del_var,del_std,del_p05,del_p25,del_p50,del_p75,del_p95
AAB,0.6549484140190309,0.6590792648858416,0.0006897756575580182,0.026263580440564805,0.6060234032473835,0.648085150510646,0.6590792648858416,0.6729004572985333,0.6830333669539923,0.44545439778830875,0.4353032704945347,0.0023510309480810304,0.04848743082574112,0.3882264486423682,0.40942135986321565,0.4353032704945347,0.4743229010928865,0.5235689278270726
AB,0.6454229211383353,0.6420169425507322,0.0009761833921200627,0.031243933685118182,0.6028019153389683,0.6248426419324917,0.6420169425507322,0.663824786987941,0.6909755288294654,0.4212502547375621,0.4134954297671008,0.001027612095322021,0.0320563893057534,0.37410512840459653,0.40345509706119786,0.4134954297671008,0.4516674471519285,0.46588939302726573
AAA,0.676182305406238,0.6602974087319226,0.0015354376170556405,0.03918466048156651,0.6324647538804198,0.6401965450190015,0.6602974087319226,0.7145279845819732,0.7343242480965244,0.42343345000114635,0.4218441739268383,0.0009573848498538752,0.03094163618579139,0.37612394857792153,0.4062196953557957,0.4218441739268383,0.44206498827092466,0.46556098702046445
