cluster,ins_mean,ins_median,ins_var,ins_std,ins_p05,ins_p25,ins_p50,ins_p75,ins_p95,del_mean,del_median,del_var,del_std,del_p05,del_p25,del_p50,del_p75,del_p95
AB,0.5313919914134203,0.503711987302029,0.0030397801802120013,0.055134201546880146,0.47057429060400924,0.4927414556988192,0.503711987302029,0.5891680304146839,0.6134243365794612,0.4644691450027672,0.4642543399134556,0.002880092847972062,0.05366649651292752,0.3911348918561873,0.4321444151731294,0.4642543399134556,0.4896326878403403,0.55427338394304
AA,0.6495419880093247,0.6362755459485493,0.00304053812430628,0.05514107474747187,0.5841527281517829,0.6153779523375316,0.6362755459485493,0.6704137751359098,0.7488628280242697,0.39828881297447344,0.3986883032963325,0.0018429167524837732,0.04292920628760533,0.3446010469229428,0.3660642615665535,0.3986883032963325,0.4132055496282188,0.4687706172513961
