cluster,ins_mean,ins_median,ins_var,ins_std,ins_p05,ins_p25,ins_p50,ins_p75,ins_p95,del_mean,del_median,del_var,del_std,del_p05,del_p25,del_p50,del_p75,del_p95
AB,0.688520531836729,0.684845762045167,0.0018265251505734104,0.04273786553600227,0.6287910359031383,0.6632493215924898,0.684845762045167,0.7084485293731275,0.7568629399067238,0.40501488279003683,0.397185816421479,0.0016794019881912778,0.04098050741744516,0.3432319555156843,0.3846656880897728,0.397185816421479,0.4315390863508245,0.4649922806532042
AC,0.5575916878919105,0.5555400759974202,0.00093968543993318,0.030654289095217654,0.5169619311001741,0.5395298436028694,0.5555400759974202,0.5760197266152668,0.6058302137017351,0.524356864147672,0.53009429096512,0.001344372366361793,0.03666568377054754,0.4679777793985658,0.5008372011608353,0.53009429096512,0.5534274371263201,0.5729947937580503
AA,0.7358880851185834,0.7318032081080695,0.0008490923202462902,0.029139188736927633,0.7000723472428853,0.7089500157331781,0.7318032081080695,0.7528362338671604,0.781431953014001,0.514054255944271,0.5239011099212475,0.0008398403051779076,0.02897999836400802,0.4640619243440117,0.49752809846824586,0.5239011099212475,0.5330847300859582,0.5481622356149742
