cluster,ins_mean,ins_median,ins_var,ins_std,ins_p05,ins_p25,ins_p50,ins_p75,ins_p95,del_mean,del_median,del_var,del_std,del_p05,del_p25,del_p50,del_p75,del_p95
AB,0.6941934331331254,0.7114270144074852,0.0027753782779376362,0.05268185909720381,0.6179243611442147,0.6478967755292244,0.7114270144074852,0.7281907469981512,0.7674271684088394,0.329843249176114,0.32532632785560145,0.0011049653536062151,0.03324101914211138,0.29037443800065904,0.3047267114170854,0.32532632785560145,0.34905282524444703,0.38580100298834696
AA,0.5878923697408914,0.5909405135246404,0.0028438634691984,0.05332788641225527,0.511428759188966,0.5572821309132372,0.5909405135246404,0.6294438899795802,0.6605884890362566,0.3402879989345071,0.33000673491495625,0.0019438743987963483,0.04408939100051563,0.2810506124600778,0.3096463344951243,0.33000673491495625,0.3834294881207092,0.4021609454147371
