cluster,ins_mean,ins_median,ins_var,ins_std,ins_p05,ins_p25,ins_p50,ins_p75,ins_p95,del_mean,del_median,del_var,del_std,del_p05,del_p25,del_p50,del_p75,del_p95
AB,0.8614020916698625,0.8535874694821626,0.0018029445913488673,0.04246109503238073,0.796206869094374,0.8344806937147301,0.8535874694821626,0.8980547226086828,0.9134232724549924,0.6814891456706128,0.6669126958185355,0.0023071146597776963,0.0480324334151175,0.6243578965899991,0.6456795264266866,0.6669126958185355,0.7062825858205071,0.7652867268454184
AABB,0.714858303294552,0.7516978080644241,0.004141404971734274,0.06435374869993414,0.6021381565379454,0.6777182615974713,0.7516978080644241,0.762908999226455,0.7786737759353833,0.5329340809364866,0.5275647148972429,0.001147876362200997,0.033880324115937804,0.4900754990450618,0.5227005038726782,0.5275647148972429,0.5341555617680724,0.5925389356702532
AABA,0.5750816186550938,0.5905950030471777,0.0033255247756337676,0.05766736317566261,0.4743450810802116,0.5552727863166875,0.5905950030471777,0.6114044382697454,0.6382228165626945,0.5593301683062208,0.5567063655008146,0.003342906391700132,0.057817872597494734,0.5018011163030993,0.514665410574261,0.5567063655008146,0.574450077424598,0.6673769488068427
AAA,0.7699486390951755,0.7737510157016142,0.0022573169617686206,0.047511229849043275,0.6844931960221681,0.7631440603826836,0.7737510157016142,0.797075413923477,0.8304765282375166,0.6248469871944847,0.5931353645644967,0.004395941095544805,0.06630189360451785,0.5434366528886225,0.5723783709990693,0.5931353645644967,0.6858958560973558,0.7195385459653547
