cluster,ins_mean,ins_median,ins_var,ins_std,ins_p05,ins_p25,ins_p50,ins_p75,ins_p95,del_mean,del_median,del_var,del_std,del_p05,del_p25,del_p50,del_p75,del_p95
AA,0.5250866763006717,0.5165228968602493,0.0014697626322159015,0.03833748338396642,0.4703938805058223,0.505703341830491,0.5165228968602493,0.551040651556346,0.5784866785651781,0.3375580594751777,0.3382259517176033,0.00119272846687222,0.03453590113016048,0.29351892577861416,0.30653194402422185,0.3382259517176033,0.3609390893902342,0.3884081291505614
