cluster,ins_mean,ins_median,ins_var,ins_std,ins_p05,ins_p25,ins_p50,ins_p75,ins_p95,del_mean,del_median,del_var,del_std,del_p05,del_p25,del_p50,del_p75,del_p95
AB,0.6792540431227448,0.6949488130348727,0.004068405659731354,0.06378405490192164,0.5993758850832277,0.6294757331412939,0.6949488130348727,0.699536024008423,0.7880293470223352,0.45504313066446084,0.4564318140576471,0.001125967383171026,0.03355543746058194,0.403980769844928,0.43639082835754095,0.4564318140576471,0.4819012761869136,0.5005550835533107
AC,0.6799122471839606,0.6852291072845164,0.001243647728203602,0.03526538994827084,0.6318282205946948,0.655246816509473,0.6852291072845164,0.7013522013742921,0.7282312632754853,0.44985231827748073,0.46536580821323037,0.0010587196060764291,0.03253797175726276,0.3986880873788411,0.4262901492669021,0.46536580821323037,0.4720980767119799,0.4901929760157729
AA,0.590750223832302,0.5719755546431345,0.0027864997083055054,0.05278730631795399,0.5218649058709653,0.5425755681133093,0.5719755546431345,0.6415128774536568,0.6586966368145796,0.5412362498331488,0.5521609281129027,0.0025958805464733757,0.0509497845576738,0.45701667896422127,0.5222465851613631,0.5521609281129027,0.5612166697128741,0.6083934967577882
