cluster,ins_mean,ins_median,ins_var,ins_std,ins_p05,ins_p25,ins_p50,ins_p75,ins_p95,del_mean,del_median,del_var,del_std,del_p05,del_p25,del_p50,del_p75,del_p95
AA,0.5061650386223565,0.5233918591688843,0.0031283511558209613,0.0559316650549665,0.4091917553419465,0.4797202294298505,0.5233918591688843,0.5443586186992329,0.5743888620070559,0.35120472880238074,0.3500190028369251,0.00206312712332092,0.04542165918723049,0.27725846474155014,0.3265481419943691,0.3500190028369251,0.38817405804438343,0.4127569163081837
