cluster,ins_mean,ins_median,ins_var,ins_std,ins_p05,ins_p25,ins_p50,ins_p75,ins_p95,del_mean,del_median,del_var,del_std,del_p05,del_p25,del_p50,del_p75,del_p95
AA,0.47465429664877345,0.48051331673775055,0.0020085723135559474,0.04481709845088086,0.41769896060113676,0.432357163012941,0.48051331673775055,0.5016265269816216,0.5423976491690238,0.47764944775749024,0.4633686595168714,0.002441067260081114,0.04940715798425481,0.40948677595733596,0.4417908826718559,0.4633686595168714,0.5118611355413281,0.5457861340323331
