cluster,ins_mean,ins_median,ins_var,ins_std,ins_p05,ins_p25,ins_p50,ins_p75,ins_p95,del_mean,del_median,del_var,del_std,del_p05,del_p25,del_p50,del_p75,del_p95
AB,0.5990038029477172,0.616398751458512,0.00465475801235762,0.06822578700431106,0.50698352686346,0.5316108164229968,0.616398751458512,0.6649467680176417,0.6835909910607645,0.45425982092829925,0.43094448229463134,0.005294838405656625,0.0727656402820495,0.3830944686362757,0.3981331683807534,0.43094448229463134,0.48364749029207726,0.5886701304953361
AC,0.705600126669565,0.7023151513274376,0.0017663719661873513,0.04202822820661551,0.6570999060224116,0.6759040340761515,0.7023151513274376,0.7179813379173605,0.7810418338202455,0.4723327401905222,0.4766969863234807,0.002191432369684521,0.04681273725904651,0.40341136439642433,0.43498908610618653,0.4766969863234807,0.506114032059242,0.5336455166676135
AA,0.5078779723803956,0.5052283171982599,0.001969509132480404,0.04437915200271862,0.43540858726025805,0.494810231033628,0.5052283171982599,0.5318776560687851,0.5695117514287105,0.5822577953942901,0.5719571757941082,0.0027515895646740636,0.05245559612352207,0.516151045580016,0.5534341615631192,0.5719571757941082,0.6048194978529626,0.6659777413563888
