iteration,test_loss,accuracy,f1score,precision,recall,accuracy_per_0,accuracy_per_1,accuracy_per_2,accuracy_per_3,accuracy_per_4,accuracy_per_5,accuracy_per_6,accuracy_per_7
,0.17600051606340067,0.9637850467289719,0.9609241036204785,0.9630188219266197,0.9595284019781184,0.9344262295081968,1.0,0.9741935483870968,0.9379310344827586,0.9836065573770492,0.8881118881118881,0.9579579579579579,1.0
