iteration,test_loss,accuracy,f1score,precision,recall,accuracy_per_0,accuracy_per_1,accuracy_per_2,accuracy_per_3,accuracy_per_4,accuracy_per_5,accuracy_per_6,accuracy_per_7,accuracy_per_8
,0.3425784923513479,0.92203118752499,0.9216326309594566,0.9223717026311312,0.9212811364619711,0.989433237271854,0.9971617786187322,0.8472222222222222,0.9878892733564014,0.9247191011235955,0.9327917282127031,0.8722919042189282,0.8287081339712918,0.9113128491620112
