iteration,test_loss,accuracy,f1score,precision,recall,accuracy_per_0,accuracy_per_1,accuracy_per_2,accuracy_per_3,accuracy_per_4,accuracy_per_5,accuracy_per_6,accuracy_per_7
,0.5730187488453728,0.8825934579439252,0.858035720566611,0.8623491111372361,0.8553478413169939,0.6229508196721312,0.9807692307692307,0.9161290322580645,0.7655172413793103,0.8524590163934426,0.7482517482517482,0.960960960960961,0.9957446808510638
