iteration,test_loss,accuracy,f1score,precision,recall,accuracy_per_0,accuracy_per_1,accuracy_per_2,accuracy_per_3,accuracy_per_4,accuracy_per_5,accuracy_per_6,accuracy_per_7,accuracy_per_8
,0.5349721538869641,0.8028788484606157,0.7995811620524763,0.8002414020802588,0.7994045203645928,0.9606147934678194,0.945127719962157,0.6414930555555556,0.9480968858131488,0.7584269662921348,0.792466765140325,0.6704675028506272,0.6574162679425838,0.8205307262569832
