cluster,ins_mean,ins_median,ins_var,ins_std,ins_p05,ins_p25,ins_p50,ins_p75,ins_p95,del_mean,del_median,del_var,del_std,del_p05,del_p25,del_p50,del_p75,del_p95
A,0.09372682755623359,0.0965629835963201,0.0010981776017590988,0.03313876282782897,0.044960542855654206,0.07807650048454819,0.0965629835963201,0.11846005130606099,0.13312899909128406,0.06412109213944285,0.0698558557597112,0.0010643316784667118,0.032624096592345844,0.015866636462911157,0.04489869079946844,0.0698558557597112,0.09227546773977961,0.09973034075208662
