cluster,ins_mean,ins_median,ins_var,ins_std,ins_p05,ins_p25,ins_p50,ins_p75,ins_p95,del_mean,del_median,del_var,del_std,del_p05,del_p25,del_p50,del_p75,del_p95
A,0.11628373312617425,0.1282647462540269,0.0006417223169253926,0.025332238687597125,0.07482841096218218,0.1094901975926047,0.1282647462540269,0.13382027860734563,0.13659920000927042,0.11059046150537545,0.12457520283362139,0.0007377000626479277,0.027160634430144076,0.06580287490549926,0.10519531230998101,0.12457520283362139,0.12864637135601822,0.1306220094521325
