cluster,ins_mean,ins_median,ins_var,ins_std,ins_p05,ins_p25,ins_p50,ins_p75,ins_p95,del_mean,del_median,del_var,del_std,del_p05,del_p25,del_p50,del_p75,del_p95
AA,0.1435019980707771,0.14982799843649972,0.0009624316963135396,0.03102308328186513,0.10262393782093875,0.1155365092343563,0.14982799843649972,0.16597252121502615,0.18066303502205358,0.11231426873889909,0.11796739711219804,0.0010923442651734987,0.033050631842273435,0.07144733689165776,0.07949328487898936,0.11796739711219804,0.13593095384802734,0.1527220833178126
AD,0.17493969211402494,0.1701379056101907,0.0029019123314714275,0.05386940069716228,0.10011958770672305,0.15567327328204714,0.1701379056101907,0.2099810270391842,0.2448452700470125,0.12788062536845832,0.10759598393757758,0.0032787811502562464,0.05726064224453168,0.05809045947450645,0.10623252224393132,0.10759598393757758,0.17621031856447167,0.20354847955078018
AB,0.12791066870796602,0.12091047315181981,0.0009994220026207559,0.031613636339730924,0.09966283634031012,0.10254694349436944,0.12091047315181981,0.13421819792643622,0.1770295265545434,0.09696272159211165,0.08817383451720395,0.0011297968231213438,0.03361245041828018,0.06598905295706475,0.0734079444126729,0.08817383451720395,0.10412399184379233,0.14911909643305626
AC,0.14890318626240112,0.14585107019727744,0.002184261590253382,0.046736084455732727,0.08692700973737011,0.12974079079910003,0.14585107019727744,0.1697716000176212,0.21330281933546377,0.12461187693659213,0.11845911521619962,0.0026985074264267443,0.05194715994572508,0.055952776979325346,0.10221663488520959,0.11845911521619962,0.1546033480952006,0.19538504616283286
