cluster,ins_mean,ins_median,ins_var,ins_std,ins_p05,ins_p25,ins_p50,ins_p75,ins_p95,del_mean,del_median,del_var,del_std,del_p05,del_p25,del_p50,del_p75,del_p95
AA,0.5676296981829259,0.5631539594318633,0.0007256022764024699,0.026937005705951617,0.5350583032091918,0.5531049202810019,0.5631539594318633,0.5786937395218861,0.6077299460748753,0.547520235209988,0.5432357609638558,0.0008476659996445213,0.029114704182672393,0.5106108390534434,0.5339680812761233,0.5432357609638558,0.5621998921450947,0.5886765159861922
AB,0.1409817005964362,0.13175010572072998,0.0009639510175922192,0.031047560573935904,0.1079611601397486,0.11523842493235315,0.13175010572072998,0.16633173694050973,0.1850345946214541,0.11734619036986493,0.1127338286576323,0.0014817823550091636,0.03849392620932767,0.07356589390915381,0.08156078470749922,0.1127338286576323,0.15204653469299942,0.1672309497210016
