cluster,ins_mean,ins_median,ins_var,ins_std,ins_p05,ins_p25,ins_p50,ins_p75,ins_p95,del_mean,del_median,del_var,del_std,del_p05,del_p25,del_p50,del_p75,del_p95
A,0.05917366954408293,0.044666290909340337,0.0012265423148257763,0.03502202613821445,0.019494848840187363,0.04183382845542171,0.044666290909340337,0.08891803103330403,0.10750808505480491,0.052895923971459397,0.03859118783125398,0.00122519993038384,0.035002856031813176,0.01312983662292196,0.035733023460356214,0.03859118783125398,0.08220262043568177,0.10125500618149037
