cluster,ins_mean,ins_median,ins_var,ins_std,ins_p05,ins_p25,ins_p50,ins_p75,ins_p95,del_mean,del_median,del_var,del_std,del_p05,del_p25,del_p50,del_p75,del_p95
A,0.060858957150450387,0.0575504456445992,0.0008023520051225297,0.02832581870171681,0.02570081423247208,0.045327896715841594,0.0575504456445992,0.07523864587427817,0.1006446112991091,0.05100876529032617,0.04696127412487662,0.0008221562958601888,0.028673267966176943,0.014939737721235212,0.03641361701150876,0.04696127412487662,0.066047179212199,0.0915043554570713
