cluster,ins_mean,ins_median,ins_var,ins_std,ins_p05,ins_p25,ins_p50,ins_p75,ins_p95,del_mean,del_median,del_var,del_std,del_p05,del_p25,del_p50,del_p75,del_p95
AA,0.10825514408560231,0.08955468702781409,0.003171463596018904,0.056315749094004816,0.05732741089678947,0.07748352888982432,0.08955468702781409,0.11178102821847097,0.19916389788377428,0.09552953518393631,0.07142982483099083,0.0034163794922060114,0.05844980318363793,0.04570189316079372,0.0679749831250335,0.07142982483099083,0.09750778402877396,0.19052437476155867
AB,0.0617037933965093,0.06068751634143278,0.0003324707766911522,0.018233781195658574,0.03996597109148079,0.04681757311855552,0.06068751634143278,0.07577097494676235,0.08517329808426088,0.0372616374961787,0.03518850409592673,0.0003697656417404123,0.019229291243839756,0.017923337741276586,0.018844921444168647,0.03518850409592673,0.051108647444878155,0.06206506362024855
