cluster,ins_mean,ins_median,ins_var,ins_std,ins_p05,ins_p25,ins_p50,ins_p75,ins_p95,del_mean,del_median,del_var,del_std,del_p05,del_p25,del_p50,del_p75,del_p95
A,0.23017979689817436,0.2285762311705754,0.0018532651900793088,0.04304956666540685,0.17377495789067762,0.19813402178702538,0.2285762311705754,0.2661867246544151,0.2858146941578086,0.1396321410731858,0.13657841865214815,0.0023972739634622762,0.048961964456731885,0.08163446265933696,0.10633343768940837,0.13657841865214815,0.1597449353242672,0.20998310173337598
