iteration,test_loss,accuracy,f1score,precision,recall,accuracy_per_0,accuracy_per_1,accuracy_per_2,accuracy_per_3,accuracy_per_4,accuracy_per_5,accuracy_per_6,accuracy_per_7,accuracy_per_8
,0.6358907935740072,0.7643942423030787,0.7604437537829938,0.7627439941420143,0.7591409936869735,0.9462055715658021,0.9110690633869442,0.5954861111111112,0.9316608996539792,0.6853932584269663,0.7540620384047267,0.6191562143671607,0.5875598086124402,0.8016759776536313
