iteration,test_loss,accuracy,f1score,precision,recall,accuracy_per_0,accuracy_per_1,accuracy_per_2,accuracy_per_3,accuracy_per_4,accuracy_per_5,accuracy_per_6,accuracy_per_7
,0.2066625425858157,0.9369158878504673,0.9288647257698204,0.9304614613159273,0.9282918017707014,0.819672131147541,0.9903846153846154,0.9741935483870968,0.8413793103448276,0.9426229508196722,0.8881118881118881,0.96996996996997,1.0
