iteration,test_loss,accuracy,f1score,precision,recall,accuracy_per_0,accuracy_per_1,accuracy_per_2,accuracy_per_3,accuracy_per_4,accuracy_per_5,accuracy_per_6,accuracy_per_7
,0.4852839410305023,0.8866822429906542,0.8653094976033995,0.8682089955930878,0.8633252304896206,0.6475409836065574,0.9775641025641025,0.9161290322580645,0.7551724137931034,0.8852459016393442,0.7622377622377622,0.9669669669669669,0.9957446808510638
