iteration,test_loss,accuracy,f1score,precision,recall,accuracy_per_0,accuracy_per_1,accuracy_per_2,accuracy_per_3,accuracy_per_4,accuracy_per_5,accuracy_per_6,accuracy_per_7
,0.5058549333895955,0.8960280373831776,0.87776415026553,0.8790672249641135,0.8772662483989618,0.6967213114754098,0.9775641025641025,0.9225806451612903,0.7620689655172413,0.8770491803278688,0.8181818181818182,0.963963963963964,1.0
