iteration,test_loss,accuracy,f1score,precision,recall,accuracy_per_0,accuracy_per_1,accuracy_per_2,accuracy_per_3,accuracy_per_4,accuracy_per_5,accuracy_per_6,accuracy_per_7
,0.1489116203572069,0.9585280373831776,0.95344397744571,0.9514286945847086,0.9558043506670966,0.9426229508196722,0.9967948717948718,0.9612903225806452,0.8758620689655172,0.9508196721311475,0.9370629370629371,0.9819819819819819,1.0
