cluster,ins_mean,ins_median,ins_var,ins_std,ins_p05,ins_p25,ins_p50,ins_p75,ins_p95,del_mean,del_median,del_var,del_std,del_p05,del_p25,del_p50,del_p75,del_p95
AA,0.11982664879085747,0.12324238747840688,0.0010723416423322563,0.03274662795361159,0.07350107904600062,0.10350882685601598,0.12324238747840688,0.1378535741081286,0.16102778781195362,0.11427531126224273,0.11513602056478614,0.0010727365745263756,0.03275265751853391,0.0688367690990937,0.10103612564246173,0.11513602056478614,0.13252519558619638,0.15536922676964265
AB,0.14433033700174552,0.15719998797884005,0.003801711636987211,0.06165802167591181,0.04963837308503666,0.11871974556379129,0.15719998797884005,0.19650627367315665,0.20629747795620623,0.1405134408640741,0.15495116185229257,0.003926948899608603,0.06266537241259006,0.043071737144405,0.11734671251115977,0.15495116185229257,0.1935282170940147,0.2012124381794707
AC,0.038362385098181,0.03805415506866471,0.00018120796169876125,0.013461350663984697,0.023490479965537353,0.025974747538943063,0.03805415506866471,0.051147810092362134,0.05332870030863148,0.027878214990980883,0.027789895568865047,0.0002230801587328136,0.014935868194812567,0.012188206772566058,0.013405933633844812,0.027789895568865047,0.04266856951422937,0.04345921375778923
