cluster,ins_mean,ins_median,ins_var,ins_std,ins_p05,ins_p25,ins_p50,ins_p75,ins_p95,del_mean,del_median,del_var,del_std,del_p05,del_p25,del_p50,del_p75,del_p95
AA,0.08913231641049868,0.07242459377934393,0.0023004955925731547,0.047963481864572284,0.038469553267825245,0.059142440828626144,0.07242459377934393,0.11334636694432229,0.16313797265488528,0.06666350461547368,0.05231529024635069,0.002232449098455014,0.047248799968412046,0.01452700585876726,0.03783200910483295,0.05231529024635069,0.09190180332004191,0.13793505134020528
AB,0.09159417306423469,0.07372551933761817,0.0016660930751489493,0.04081780340916142,0.05708724701886561,0.05776339305586011,0.07372551933761817,0.11279335481392289,0.1553689272964473,0.0734153837181259,0.05424082284865071,0.0018439650391176524,0.04294141403258226,0.037991655941011906,0.03903210256969371,0.05424082284865071,0.09234457338163965,0.14151216016623996
