cluster,ins_mean,ins_median,ins_var,ins_std,ins_p05,ins_p25,ins_p50,ins_p75,ins_p95,del_mean,del_median,del_var,del_std,del_p05,del_p25,del_p50,del_p75,del_p95
AA,0.07760179773870146,0.06589453374080062,0.0009048099291666033,0.030080058662951496,0.0435305534523791,0.06568966882878724,0.06589453374080062,0.09365476306508375,0.12257095907826275,0.07915228701534242,0.06782164294312085,0.000875275846834216,0.029585061210587616,0.04510404489973209,0.06765164898803172,0.06782164294312085,0.09609264096959845,0.12279313659724767
AB,0.2035439487086078,0.17418474164221964,0.004424803595243213,0.06651919719331566,0.13571893351091516,0.15775264618502727,0.17418474164221964,0.25707432035285616,0.30046199273664154,0.20406301794014484,0.1736719474206895,0.004779946312243263,0.06913715580093864,0.13393087179314117,0.15574945415371905,0.1736719474206895,0.25883073987148403,0.30534864092990416
AC,0.13162757012725526,0.1295356249332003,0.0035778438927837907,0.05981508081398696,0.05688445016778194,0.08264340353288725,0.1295356249332003,0.1753976512510362,0.2122873497935175,0.1327876598164521,0.13059277574452435,0.0035927691277088717,0.059939712442660845,0.05783025730885387,0.08390299960549091,0.13059277574452435,0.17657834763001343,0.21370174200623265
