iteration,test_loss,accuracy,f1score,precision,recall,accuracy_per_0,accuracy_per_1,accuracy_per_2,accuracy_per_3,accuracy_per_4,accuracy_per_5,accuracy_per_6,accuracy_per_7
,0.5036255653415408,0.9018691588785047,0.8832328773613571,0.8881234376047846,0.8806298215268085,0.7459016393442623,0.9807692307692307,0.9354838709677419,0.8103448275862069,0.7786885245901639,0.8461538461538461,0.9519519519519519,0.9957446808510638
