cluster,ins_mean,ins_median,ins_var,ins_std,ins_p05,ins_p25,ins_p50,ins_p75,ins_p95,del_mean,del_median,del_var,del_std,del_p05,del_p25,del_p50,del_p75,del_p95
AA,0.6147733946403636,0.6186589840089015,0.0016518394106318237,0.040642827296237936,0.5542609492127497,0.5814153434829391,0.6186589840089015,0.6528064856318236,0.6634732336495651,0.30239937289655944,0.3121398995896617,0.0011491499560175372,0.033899114383970815,0.25301248569659807,0.2733588596138728,0.3121398995896617,0.317532410114989,0.35172668789042716
