cluster,ins_mean,ins_median,ins_var,ins_std,ins_p05,ins_p25,ins_p50,ins_p75,ins_p95,del_mean,del_median,del_var,del_std,del_p05,del_p25,del_p50,del_p75,del_p95
AABB,0.8488965018682588,0.8581170277320492,0.0010559948613742748,0.0324960745533099,0.8017471351799429,0.8216223684816855,0.8581170277320492,0.8635951195914644,0.8941795229916929,0.2559957202995695,0.2520693383797593,0.0003549056797059186,0.01883894051442168,0.23201920338286303,0.24209629716353492,0.2520693383797593,0.2733441951497595,0.2828647100098584
AAAA,0.6494667398996695,0.658822965198116,0.002085863176706743,0.04567125109635976,0.5692091540219004,0.6265826201260171,0.658822965198116,0.6791050388215764,0.7027239992960534,0.5958111572365068,0.5863168085809796,0.000727654823762888,0.026975077826817996,0.5565969666139211,0.5800008087933703,0.5863168085809796,0.6167678679749369,0.632275617272805
ABA,0.6563142699062681,0.6734890600856002,0.0032941302118112015,0.05739451377798405,0.5634806452479746,0.6290567258491815,0.6734890600856002,0.701490796744703,0.7122401448125448,0.7239970858065038,0.7367244249524534,0.00456810140951883,0.06758773120558811,0.6067864423697577,0.7170625310651627,0.7367244249524534,0.7594474903617865,0.7905551553589134
AAAB,0.6568780497387011,0.6605825399497367,0.0015656281895657848,0.039568019783226265,0.6074471821676992,0.6198078631818258,0.6605825399497367,0.6701559717733387,0.7239218683499076,0.5903293155729917,0.5949103654763641,0.0018456352881324044,0.04296085762798974,0.5135911760777384,0.5809926313247868,0.5949103654763641,0.614471607475858,0.6465812674703755
ABB,0.667878757700334,0.6629031972545746,0.002888032286013941,0.05374041575959327,0.5815612775687681,0.6412243803085237,0.6629031972545746,0.7099796817043971,0.7385543546216105,0.6974613646559156,0.6883200469490229,0.002293643388781991,0.047891997126680685,0.6265534176659908,0.6736498649694971,0.6883200469490229,0.7391864532864081,0.7623151511007717
AABA,0.8533403433861122,0.8544630399617867,0.0012302418530304284,0.03507480367771755,0.8001220916268156,0.8276170004023098,0.8544630399617867,0.8796852248555127,0.9002294553444057,0.2819974734180825,0.28335020445529824,0.0005223257060124692,0.022854446088506918,0.25185801155592735,0.26346560858767015,0.28335020445529824,0.30038999494156043,0.3151584745219978
