cluster,ins_mean,ins_median,ins_var,ins_std,ins_p05,ins_p25,ins_p50,ins_p75,ins_p95,del_mean,del_median,del_var,del_std,del_p05,del_p25,del_p50,del_p75,del_p95
AB,0.8373068301293117,0.8333192853047886,0.0009214961617342847,0.030356155252836033,0.7943029418069139,0.8202005845490792,0.8333192853047886,0.8537435034802027,0.8875900685590771,0.31081005179642296,0.3056285957035439,0.0012783620453645564,0.035754189200212,0.2671649651586999,0.2920803018477238,0.3056285957035439,0.3246097428256178,0.36630165142723475
AC,0.6965019866952079,0.702046562680206,0.002527696201995824,0.0502761991601973,0.6053862399078993,0.6795369415615273,0.702046562680206,0.732651793011847,0.7566648363528539,0.5607542213200482,0.5621697711799337,0.0021448374885045525,0.0463123902266397,0.49546528865669415,0.5380123009038108,0.5621697711799337,0.5764241448881593,0.6325770255315231
AA,0.3911419743112741,0.38154642377962983,0.001482382430690768,0.03850171984068722,0.3385792608112337,0.3640218100457382,0.38154642377962983,0.42453941892125624,0.4452696133461169,0.859832734855095,0.8638437634989681,0.0012677603369362909,0.03560562226582047,0.7986832143204394,0.8547913009852488,0.8638437634989681,0.8721095896784483,0.9073555072594754
