cluster,ins_mean,ins_median,ins_var,ins_std,ins_p05,ins_p25,ins_p50,ins_p75,ins_p95,del_mean,del_median,del_var,del_std,del_p05,del_p25,del_p50,del_p75,del_p95
AA,0.8778213007270449,0.8657991196721236,0.0005545739617164393,0.02354939408384936,0.8481300812012305,0.8595063519990861,0.8657991196721236,0.903546561168964,0.9088492337961966,0.2587934132109857,0.26315786661069746,0.0004101293662427799,0.020251650951040506,0.22805814379667239,0.24479929721015692,0.26315786661069746,0.27040257183810607,0.2866796110790023
