cluster,ins_mean,ins_median,ins_var,ins_std,ins_p05,ins_p25,ins_p50,ins_p75,ins_p95,del_mean,del_median,del_var,del_std,del_p05,del_p25,del_p50,del_p75,del_p95
AA,0.6855574222878474,0.6866315969380543,0.000822212699985101,0.028674251515690884,0.6428277075831315,0.6677336859832321,0.6866315969380543,0.7009801052447852,0.7257963700802208,0.3369713092841919,0.3413078731834371,0.0008885239024310154,0.029808118062551608,0.29068007610296087,0.3188146611741923,0.3413078731834371,0.3562920163230745,0.37706448632519846
