cluster,ins_mean,ins_median,ins_var,ins_std,ins_p05,ins_p25,ins_p50,ins_p75,ins_p95,del_mean,del_median,del_var,del_std,del_p05,del_p25,del_p50,del_p75,del_p95
AB,0.6451482262981191,0.6486202162743173,0.0021641224351365254,0.04652012935425401,0.5740032954496782,0.6146305615328171,0.6486202162743173,0.6758563090980956,0.707835812997448,0.5777330727635878,0.5730023889878835,0.0029544658806976805,0.054354998672593864,0.4953340462203176,0.5423924721564655,0.5730023889878835,0.6245430928440627,0.6481052851700366
AC,0.8405256959398028,0.8353496685494075,0.0011922783723556443,0.034529384187321446,0.7861567188629843,0.8220331608012033,0.8353496685494075,0.8724460259250744,0.8859270139579043,0.33583034480839846,0.33892306107448206,0.0004495477930401421,0.021202542136266163,0.304558469065087,0.3279446105169831,0.33892306107448206,0.3412469651156502,0.36759773492989556
AA,0.4686443601968336,0.4696329235714747,0.001472271400572933,0.03837018895670092,0.4087210351454784,0.4489268123787453,0.4696329235714747,0.5009246785869856,0.5140753222633025,0.8390264537359063,0.8412273382039159,0.0011536016244467111,0.03396471145831672,0.7867934318402903,0.8219739292532671,0.8412273382039159,0.8621516955321579,0.8868634724630109
