cluster,ins_mean,ins_median,ins_var,ins_std,ins_p05,ins_p25,ins_p50,ins_p75,ins_p95,del_mean,del_median,del_var,del_std,del_p05,del_p25,del_p50,del_p75,del_p95
AB,0.7692843262566614,0.7769450767274927,0.001580638267925944,0.03975724170419703,0.7186344036310641,0.7302203172198963,0.7769450767274927,0.7947108396554086,0.8278510487481459,0.31929379565680543,0.3180313668281223,0.0006365895136648087,0.025230725587362897,0.280916094827552,0.30772655299576546,0.3180313668281223,0.329923000671069,0.3605740740749114
AA,0.5744303856704215,0.5720821537842044,0.004625176154174145,0.06800864764259135,0.48796546257820383,0.5171046431316613,0.5720821537842044,0.6141730713792242,0.6805202509122412,0.39757824531434116,0.427910549081174,0.006425886984947277,0.08016163037855004,0.2857366644979299,0.32710496713762205,0.427910549081174,0.453866068157862,0.5036852590422821
