cluster,ins_mean,ins_median,ins_var,ins_std,ins_p05,ins_p25,ins_p50,ins_p75,ins_p95,del_mean,del_median,del_var,del_std,del_p05,del_p25,del_p50,del_p75,del_p95
AB,0.5949942472989499,0.5985876051891397,0.002609989886589128,0.051088060117694116,0.5214128064791974,0.5734310807374127,0.5985876051891397,0.6155350154525112,0.6684262678342456,0.47832077669244877,0.4665733693036732,0.0021979042704622625,0.04688181172333534,0.4223079702021593,0.45234910169765313,0.4665733693036732,0.5009530193233311,0.5552047441665726
AA,0.6321629851130818,0.6145027411441872,0.007533885609959463,0.08679795855870956,0.4957484005351176,0.5981799503729823,0.6145027411441872,0.6981218070174311,0.7310385423214977,0.4347369139239207,0.41438834589292195,0.003777821655182727,0.06146398665220738,0.35365238188975046,0.3997647344303059,0.41438834589292195,0.47442800932391477,0.5327062510592265
