cluster,ins_mean,ins_median,ins_var,ins_std,ins_p05,ins_p25,ins_p50,ins_p75,ins_p95,del_mean,del_median,del_var,del_std,del_p05,del_p25,del_p50,del_p75,del_p95
A,0.48269633334687617,0.46805451507797824,0.0026731521794753927,0.05170253552269359,0.4230199631126705,0.4530291588517953,0.46805451507797824,0.4974400094767531,0.5769685244217035,0.47948660850706765,0.4898231032733015,0.002800535820360431,0.05292008900559816,0.3977331126760416,0.4414878730168998,0.4898231032733015,0.5111422160442646,0.5485876553350768
