cluster,ins_mean,ins_median,ins_var,ins_std,ins_p05,ins_p25,ins_p50,ins_p75,ins_p95,del_mean,del_median,del_var,del_std,del_p05,del_p25,del_p50,del_p75,del_p95
AA,0.43081674049158464,0.4333664643207274,0.0005240060603078051,0.022891178657024305,0.39186675603545573,0.4211698604637758,0.4333664643207274,0.442681800259581,0.46275561635544415,0.5179994031503423,0.5095428842596049,0.00303316697590222,0.055074195190689984,0.45183818756869626,0.47297776314699097,0.5095428842596049,0.553422946000971,0.6078639759888704
