cluster,ins_mean,ins_median,ins_var,ins_std,ins_p05,ins_p25,ins_p50,ins_p75,ins_p95,del_mean,del_median,del_var,del_std,del_p05,del_p25,del_p50,del_p75,del_p95
A,0.35287116021122,0.3528597896632766,0.0006465891655374445,0.025428117616871377,0.31678840502654126,0.33668944671278955,0.3528597896632766,0.3727878013587362,0.38905363253429837,0.18723175896034902,0.18508323799126647,0.0007659912995636975,0.027676547825978903,0.1546374349764062,0.16604437445069026,0.18508323799126647,0.20442320892069332,0.23326217770983826
