cluster,ins_mean,ins_median,ins_var,ins_std,ins_p05,ins_p25,ins_p50,ins_p75,ins_p95,del_mean,del_median,del_var,del_std,del_p05,del_p25,del_p50,del_p75,del_p95
AB,0.6161143100679639,0.6007016492417009,0.0012231349092821945,0.03497334569757653,0.571774068961952,0.5915891139231716,0.6007016492417009,0.6513982709347765,0.6646318250559389,0.3630597288230624,0.35736465261710876,0.0030536185698150906,0.05525955636643395,0.26741832590952125,0.34128432587117014,0.35736465261710876,0.4112512563723878,0.4276353963899282
AA,0.5565023941523021,0.5489060864673238,0.0006447885240788797,0.025392686428947996,0.5313221042614531,0.5395427331028422,0.5489060864673238,0.5645427403618917,0.6041963660815781,0.4169443263502776,0.41434948495182633,0.0022503370086189843,0.04743771715227224,0.3579070489526806,0.3896204016224447,0.41434948495182633,0.43561481752763254,0.4931951485061311
AD,0.5162867635975045,0.5057206757723259,0.0019669232069359686,0.044350007969965105,0.45956629252296494,0.48052739197718863,0.5057206757723259,0.5545196104700418,0.580343376646884,0.4096554517649436,0.41787983243845217,0.0033963811131700705,0.05827847898813138,0.3305373952165036,0.3772945589697486,0.41787983243845217,0.42460312547823786,0.5015136008399854
AC,0.4530513880706319,0.4532791005780293,0.001199100777272359,0.034628034556878316,0.40362159579417317,0.4265801895271751,0.4532791005780293,0.48039868318745127,0.49992276184054996,0.3745106343560506,0.3591675294286577,0.0026662222696855783,0.05163547491488365,0.31440502444577545,0.3367299280465166,0.3591675294286577,0.40166784011133694,0.46116477401102784
