cluster,ins_mean,ins_median,ins_var,ins_std,ins_p05,ins_p25,ins_p50,ins_p75,ins_p95,del_mean,del_median,del_var,del_std,del_p05,del_p25,del_p50,del_p75,del_p95
AB,0.598686052722052,0.6085192042574652,0.0010373401430354642,0.03220776525987893,0.5457715485405781,0.5764934379200972,0.6085192042574652,0.6257635275667224,0.6329205542934953,0.36730208040011936,0.36692902960751117,0.0006725450506917596,0.02593347355623152,0.3273719923633089,0.35425979778515604,0.36692902960751117,0.3785286353629502,0.40667276537657554
AC,0.45250749778627947,0.4564661890207802,0.0009196609285220723,0.030325911833316278,0.4008096387215552,0.44994843054661093,0.4564661890207802,0.4707616873671747,0.47891104551580543,0.35387498044223553,0.3452501928318736,0.0005675004366097716,0.023822267663045255,0.3274977171955967,0.3371969883986507,0.3452501928318736,0.36916120802607444,0.39397999427028185
AA,0.4282033360939432,0.4295860130407431,0.0015177944305709427,0.03895888127976652,0.3601347727119525,0.4192230945020956,0.4295860130407431,0.45067910117092047,0.4807155155122843,0.33600042338052133,0.33022862000650105,0.001926865564092478,0.04389607686448162,0.2793791144470563,0.2990456322563727,0.33022862000650105,0.3688517816375638,0.4003804705438344
