cluster,ins_mean,ins_median,ins_var,ins_std,ins_p05,ins_p25,ins_p50,ins_p75,ins_p95,del_mean,del_median,del_var,del_std,del_p05,del_p25,del_p50,del_p75,del_p95
AB,0.5998046894704209,0.5757257540283419,0.004346800552224309,0.06593027037882,0.5106358210932496,0.5547434555861278,0.5757257540283419,0.6687554403415414,0.6834674936352098,0.41616511365749087,0.3980326417285198,0.0039063912897082135,0.06250113030744495,0.33406208348410815,0.375525982777815,0.3980326417285198,0.4594461923659099,0.5098346883441763
AC,0.6450769943132951,0.6570256528254448,0.0015574298866043587,0.039464286216836085,0.5840583355381633,0.6133493790175139,0.6570256528254448,0.6770100076383592,0.6904112423029961,0.5076158135691057,0.5154558571910871,0.002982040394285737,0.054608061623589395,0.43122527401114064,0.4716337523391073,0.5154558571910871,0.5341590880138846,0.5927933286534433
AA,0.5719351405450742,0.5603406592429894,0.00146249775734515,0.03824261703054787,0.5330718945002826,0.5450158733884274,0.5603406592429894,0.5886621259922503,0.6364336556204009,0.43708873350714744,0.4412937060268245,0.0010951981936794212,0.033093778776069394,0.38521020983267407,0.4201373064001015,0.4412937060268245,0.4532809786676091,0.48078408649288235
