cluster,ins_mean,ins_median,ins_var,ins_std,ins_p05,ins_p25,ins_p50,ins_p75,ins_p95,del_mean,del_median,del_var,del_std,del_p05,del_p25,del_p50,del_p75,del_p95
A,0.4399823610851815,0.45212537160290783,0.0014021450201656053,0.03744522693435848,0.3781159552826945,0.4136330687105556,0.45212537160290783,0.4661702235978147,0.48327594561194315,0.2669156285869627,0.26568747850559143,0.000528196571139189,0.0229825275185126,0.23102246946626115,0.25574849521196685,0.26568747850559143,0.28209855134258766,0.299185633280755
