cluster,ins_mean,ins_median,ins_var,ins_std,ins_p05,ins_p25,ins_p50,ins_p75,ins_p95,del_mean,del_median,del_var,del_std,del_p05,del_p25,del_p50,del_p75,del_p95
AB,0.7349804859842325,0.7368353565718992,0.0005415688339275331,0.02327163152698008,0.7002444007104878,0.7184142116313239,0.7368353565718992,0.7521011776117776,0.7655097645161171,0.5386752751385505,0.5427882755534326,0.001315093843405519,0.036264222636167444,0.48830429864175995,0.5119431149607492,0.5427882755534326,0.5541346419361869,0.5924039417505598
AC,0.6396641630842521,0.6504564669487579,0.002569977170503859,0.05069494225762427,0.5585849568374839,0.6165660328648193,0.6504564669487579,0.6730033686634633,0.7000298267529084,0.707387341485586,0.6988755846807476,0.003128715932447136,0.0559349258732604,0.6307589421760151,0.6666737322222881,0.6988755846807476,0.7641621440069617,0.7836248017969624
AA,0.7089975757513819,0.7035434047874802,0.0014972756471762828,0.038694646234024195,0.6529288280499836,0.6921152389631882,0.7035434047874802,0.7295580063650327,0.7639364598271687,0.5085288148609551,0.509138684665837,0.0008610818581124559,0.029344196327595273,0.46605650966433576,0.4910909729093358,0.509138684665837,0.5272351324454182,0.5521704186613179
