cluster,ins_mean,ins_median,ins_var,ins_std,ins_p05,ins_p25,ins_p50,ins_p75,ins_p95,del_mean,del_median,del_var,del_std,del_p05,del_p25,del_p50,del_p75,del_p95
AB,0.6645363029454553,0.6545598779792592,0.0020156934013759193,0.044896474264422136,0.6058408675894522,0.6298252469806176,0.6545598779792592,0.7048786572677584,0.7289015298189758,0.4858603776518595,0.49775775168657266,0.002694476751712519,0.0519083495375505,0.4063968849905143,0.44936359632189615,0.49775775168657266,0.5243405618747095,0.5554295021566171
AC,0.4673403844516193,0.4824992962389306,0.0031895407754994314,0.05647601947286504,0.37155296234910407,0.4361948178682138,0.4824992962389306,0.5080108281570285,0.5236549249049809,0.31389473270588736,0.32188316041806686,0.0009101633690599236,0.030168913952277495,0.26134082942323095,0.3012222414838742,0.32188316041806686,0.33160316247114263,0.3536154857641803
AA,0.49443734351073787,0.5081301164887497,0.0008715246235924174,0.02952159588491817,0.4507219385539554,0.4684698892684451,0.5081301164887497,0.5181500266950978,0.5298593556617335,0.37977492732334406,0.3683351539002455,0.0011082722709454718,0.0332907234968763,0.3384142239470606,0.35310257046818605,0.3683351539002455,0.40208646384918834,0.43121810725398424
