cluster,ins_mean,ins_median,ins_var,ins_std,ins_p05,ins_p25,ins_p50,ins_p75,ins_p95,del_mean,del_median,del_var,del_std,del_p05,del_p25,del_p50,del_p75,del_p95
AB,0.44441841837168833,0.4398985703362772,0.0013478729398964126,0.036713389109375515,0.3934035677119236,0.41188733257921917,0.4398985703362772,0.4699595756920302,0.49652031363335536,0.25934768047993645,0.25878243196719386,0.0006151941483195215,0.024803107634317145,0.21983635053430728,0.24503735665027557,0.25878243196719386,0.27755693782136814,0.2929684337763327
AC,0.6732799664337668,0.6775777906031526,0.0010444487768712146,0.03231793274439463,0.6347715986970499,0.6411140190611457,0.6775777906031526,0.6880507455190881,0.7255478156094737,0.6976557943863185,0.7092631986023532,0.0020211677932936377,0.04495739976125886,0.6284836860777155,0.6646105366890906,0.7092631986023532,0.7207794444489675,0.7595531917503764
AA,0.6275141698633978,0.6223874382726706,0.0014315788412312765,0.03783621071448985,0.5672469526177761,0.6133859254040417,0.6223874382726706,0.6553872385176097,0.6809680330601815,0.6775967660899876,0.681122726697037,0.003853400789665765,0.06207576652499561,0.5841118656443798,0.6417239668442364,0.681122726697037,0.709516446427579,0.769502635100394
