cluster,ins_mean,ins_median,ins_var,ins_std,ins_p05,ins_p25,ins_p50,ins_p75,ins_p95,del_mean,del_median,del_var,del_std,del_p05,del_p25,del_p50,del_p75,del_p95
AB,0.4174898230658642,0.41526570839372545,0.0005135852952939131,0.022662420331772005,0.38645523001455684,0.3988951422059704,0.41526570839372545,0.43969635518618866,0.44644922167660506,0.22304485581045938,0.22362498710859113,0.0007700114102269336,0.027749079448279607,0.18390984370586425,0.20457324351244444,0.22362498710859113,0.24183461335235457,0.26369560664374336
AA,0.4276668725025566,0.41338459023536256,0.0018928752401419524,0.04350718607473888,0.366913798506201,0.40008453770861807,0.41338459023536256,0.4637957024391034,0.49144545174430554,0.2633055009517633,0.26584362366166236,0.0012655929497963883,0.03557517322229631,0.2096964028406931,0.2449364407179539,0.26584362366166236,0.27806687003440933,0.3196627811331271
