cluster,ins_mean,ins_median,ins_var,ins_std,ins_p05,ins_p25,ins_p50,ins_p75,ins_p95,del_mean,del_median,del_var,del_std,del_p05,del_p25,del_p50,del_p75,del_p95
AB,0.7093431318856358,0.7109920786270219,0.0008020859923386849,0.028321122723837855,0.6650801163022932,0.6892329363644347,0.7109920786270219,0.7339021562468329,0.743898394959587,0.6847628825531549,0.6908027799061865,0.0005723651810605384,0.023924154761674202,0.6493022248470233,0.6712053234272503,0.6908027799061865,0.6990471731991548,0.7170860616335133
AC,0.6952366890853611,0.6863889309274722,0.0018107479924635663,0.04255288465502152,0.6451447085238113,0.6558031103561378,0.6863889309274722,0.7280067580864505,0.761022519079467,0.569514467377677,0.5637909769788616,0.00103775741589498,0.03221424243863233,0.521088715438841,0.5480958749989056,0.5637909769788616,0.5924639280384114,0.6138115889955527
AA,0.3917021846256837,0.38102972073667407,0.0010276807292532426,0.0320574598066229,0.35246128934623605,0.37481297730375807,0.38102972073667407,0.4034066518279239,0.44754410200356526,0.2844022609447441,0.279722813868438,0.0006708259074862422,0.025900307092508425,0.25088599477920837,0.26060620783702,0.279722813868438,0.30752740444500964,0.32067795264115706
