cluster,ins_mean,ins_median,ins_var,ins_std,ins_p05,ins_p25,ins_p50,ins_p75,ins_p95,del_mean,del_median,del_var,del_std,del_p05,del_p25,del_p50,del_p75,del_p95
AA,0.4589642707462023,0.4560543219488361,0.0010359298663443978,0.03218586438709387,0.4218632772054196,0.43209382600379365,0.4560543219488361,0.4764065875273187,0.5112867752256971,0.2558810762739298,0.2727866180460695,0.0013990968103036574,0.03740450254051853,0.19628775817529517,0.2244009609119578,0.2727866180460695,0.2811399023424975,0.2992732446997578
