cluster,ins_mean,ins_median,ins_var,ins_std,ins_p05,ins_p25,ins_p50,ins_p75,ins_p95,del_mean,del_median,del_var,del_std,del_p05,del_p25,del_p50,del_p75,del_p95
AB,0.49596374993446124,0.48608295550495323,0.0016808629232568444,0.040998328298320216,0.440241579154784,0.47165742956136336,0.48608295550495323,0.5233995075241362,0.5617262241679485,0.3386119901588171,0.34760632557162063,0.0031427139134018677,0.05605991360501609,0.24495061812566055,0.31399495463821403,0.34760632557162063,0.37775836618122405,0.4122035781103212
AA,0.49508026723462367,0.4969968992852024,0.0013873134934330805,0.0372466574800086,0.4395220809411474,0.46967237045931276,0.4969968992852024,0.5342951249670957,0.5410489915234287,0.31323309195931986,0.31549088556413896,0.001915694317702067,0.04376864537202479,0.23924065179449894,0.29204863980355267,0.31549088556413896,0.3470387970589741,0.3691867412939326
AC,0.5261920104288946,0.5664059009426332,0.0029054583782082196,0.05390230401576745,0.43476515769938995,0.48702846186053783,0.5664059009426332,0.5689017187006773,0.5742395779782636,0.3415251944181418,0.3297862498137195,0.002098169740549973,0.045805782828699404,0.2821059784292096,0.309786600933204,0.3297862498137195,0.36883958177480475,0.41605293465366033
