cluster,ins_mean,ins_median,ins_var,ins_std,ins_p05,ins_p25,ins_p50,ins_p75,ins_p95,del_mean,del_median,del_var,del_std,del_p05,del_p25,del_p50,del_p75,del_p95
A,0.4618109861946438,0.4697167112323881,0.00045307285423353965,0.02128550808023007,0.42210777524041165,0.45463006344653667,0.4697167112323881,0.4750710419698657,0.4835749591592887,0.28552433774271924,0.28375054394723076,0.0002814600637370457,0.016776771552865756,0.260427117867971,0.27559972292735435,0.28375054394723076,0.2968896817562414,0.31010524983068233
