cluster,ins_mean,ins_median,ins_var,ins_std,ins_p05,ins_p25,ins_p50,ins_p75,ins_p95,del_mean,del_median,del_var,del_std,del_p05,del_p25,del_p50,del_p75,del_p95
A,0.39808523705285115,0.3975976188087494,0.0011361514583465627,0.03370684586766556,0.3424412285683903,0.39002593980032324,0.3975976188087494,0.4226501506361262,0.432188273224197,0.23734819156729994,0.23143643291278795,0.0018622563501374597,0.04315386831023912,0.18043530845370803,0.20366173204595614,0.23143643291278795,0.2664207340589926,0.3050438237375172
