cluster,ins_mean,ins_median,ins_var,ins_std,ins_p05,ins_p25,ins_p50,ins_p75,ins_p95,del_mean,del_median,del_var,del_std,del_p05,del_p25,del_p50,del_p75,del_p95
AB,0.6164354251656253,0.6132878819014873,0.0007990464054570563,0.028267408891814904,0.572734486521195,0.6044500431102602,0.6132878819014873,0.6317019300485861,0.6593938179704744,0.42492854193148405,0.43966023228357876,0.002224019183498774,0.04715950788015895,0.34746490076878567,0.39922720907468034,0.43966023228357876,0.45305199352731107,0.48532015751735047
AC,0.6137194837047395,0.6199258146502116,0.0012900709833263818,0.03591755814815899,0.5611280219635195,0.5863981572593664,0.6199258146502116,0.6348429523398486,0.6660456500514296,0.4639924532946449,0.4647271769070578,0.0011177780733200192,0.033433188201546366,0.42081065088610603,0.4329493692149714,0.4647271769070578,0.48482328313885925,0.514929085090155
AA,0.4747852457234467,0.4820936079445952,0.002056804276714765,0.045352004109132434,0.4076317066186205,0.4344237717064282,0.4820936079445952,0.5062928515947187,0.5342547934277693,0.4538101556905399,0.4335417933735964,0.0027097146514546374,0.05205491957014858,0.4050558303997436,0.42298863458795144,0.4335417933735964,0.46721009532258684,0.5504789897615063
