cluster,ins_mean,ins_median,ins_var,ins_std,ins_p05,ins_p25,ins_p50,ins_p75,ins_p95,del_mean,del_median,del_var,del_std,del_p05,del_p25,del_p50,del_p75,del_p95
AB,0.42567522310130884,0.4218058567561851,0.0011938164897145227,0.03455164959469407,0.3707983623769184,0.40551408807287226,0.4218058567561851,0.45481412092997753,0.46684326082727157,0.2918759144572837,0.28331761715725384,0.0018642464314084827,0.04317692012416451,0.23913451220775406,0.25342689965723475,0.28331761715725384,0.31871523094127807,0.3614568887521762
AA,0.6223868201262491,0.6173345182194253,0.0022199921609582455,0.04711679277028781,0.5599437981576054,0.5906670197192588,0.6173345182194253,0.6452965935764765,0.6998658178505155,0.4090623638582959,0.4168848936358824,0.0016597527187470497,0.0407400628220803,0.3394024159583857,0.3929926045478699,0.4168848936358824,0.4356497226359738,0.457855632679974
