cluster,ins_mean,ins_median,ins_var,ins_std,ins_p05,ins_p25,ins_p50,ins_p75,ins_p95,del_mean,del_median,del_var,del_std,del_p05,del_p25,del_p50,del_p75,del_p95
A,0.3321505543283448,0.3447029352146121,0.0020245164957753553,0.04499462741011815,0.25711555784197687,0.30797074588183126,0.3447029352146121,0.36263106260569966,0.38180624043209554,0.21560392620512303,0.20887663714613028,0.0006566916696900848,0.02562599597459745,0.1789056777506921,0.20483880099727303,0.20887663714613028,0.22617365454952448,0.25762243166647
