cluster,ins_mean,ins_median,ins_var,ins_std,ins_p05,ins_p25,ins_p50,ins_p75,ins_p95,del_mean,del_median,del_var,del_std,del_p05,del_p25,del_p50,del_p75,del_p95
AB,0.45737462205541973,0.44979207454256287,0.0016309533967106863,0.04038506403004317,0.4091240369756619,0.4243046186401838,0.44979207454256287,0.47915361575373805,0.5245970338622843,0.23627942630668938,0.2355261514224849,0.0008990425974520058,0.029984039044998686,0.18163508018427194,0.23292717381855568,0.2355261514224849,0.25579914870424153,0.27339917895247867
AA,0.45568601716696233,0.436051313147984,0.0032763484182426945,0.05723939568376569,0.39871855139679246,0.40699952116483745,0.436051313147984,0.5070848469965441,0.5463485210253685,0.3252751546672392,0.33552126698262064,0.002271745474759912,0.047662831166013546,0.259997524671576,0.28916576337623734,0.33552126698262064,0.360288106071645,0.39201976260810756
