cluster,ins_mean,ins_median,ins_var,ins_std,ins_p05,ins_p25,ins_p50,ins_p75,ins_p95,del_mean,del_median,del_var,del_std,del_p05,del_p25,del_p50,del_p75,del_p95
AB,0.5124699216995731,0.5084146067352682,0.001500260676280323,0.03873319863218532,0.4602330956633395,0.48319225862294596,0.5084146067352682,0.5527908774842414,0.5638387068181246,0.31402690200237565,0.3191437599698719,0.0018482250607967598,0.04299098813468655,0.2512033092102541,0.28719471106057964,0.3191437599698719,0.33079671498154545,0.3827279353658579
AC,0.5301536433469601,0.5327216610017561,0.0009330006971659001,0.030545060110693842,0.48642022785661987,0.5066360451139644,0.5327216610017561,0.5520712590709316,0.5741932745159528,0.30938476038214274,0.30748614241211186,0.0010735696190112634,0.032765372255038755,0.27089726065196895,0.2887015802886995,0.30748614241211186,0.32081784291451965,0.36415504043909824
AA,0.46227120960777307,0.4347700477806454,0.003498534560228302,0.05914841130772915,0.3899216744457341,0.4219811170416825,0.4347700477806454,0.51520171302168,0.550812870137837,0.2892443738318415,0.28058045174834273,0.002452265545033004,0.04952035485568539,0.22198427267044762,0.25428937703130994,0.28058045174834273,0.32265698196370196,0.3664903025993892
