cluster,ins_mean,ins_median,ins_var,ins_std,ins_p05,ins_p25,ins_p50,ins_p75,ins_p95,del_mean,del_median,del_var,del_std,del_p05,del_p25,del_p50,del_p75,del_p95
AB,0.4096460649626535,0.39272918080241226,0.0013266925420179678,0.036423790879286135,0.36336897473708396,0.3820097627299893,0.39272918080241226,0.4443477166093381,0.4609921998915616,0.3533585024501684,0.35956928556693246,0.0002480996123199139,0.015751178124823358,0.3251829768814949,0.3466665095694573,0.35956928556693246,0.3648721907213795,0.3687678033710189
AA,0.6782180976382916,0.6606189728804144,0.0017918258408710225,0.04232996386569474,0.6310244989047894,0.6385547808023495,0.6606189728804144,0.71412154818404,0.739785809386105,0.5664304803482847,0.5551548813966534,0.0015358312847527991,0.03918968339694516,0.5199844297430808,0.5374954572786633,0.5551548813966534,0.5815957249515454,0.6360258523303521
