cluster,ins_mean,ins_median,ins_var,ins_std,ins_p05,ins_p25,ins_p50,ins_p75,ins_p95,del_mean,del_median,del_var,del_std,del_p05,del_p25,del_p50,del_p75,del_p95
A,0.3863876227095561,0.4032422556578443,0.0015537546651494837,0.03941769482287725,0.33693015545549454,0.3482122087061361,0.4032422556578443,0.4125212432368553,0.4395439944799654,0.2919588195385257,0.2865494403182751,0.001377937986131629,0.03712058709303544,0.2377925057540263,0.2686156262766418,0.2865494403182751,0.3147666543891723,0.3446685490947151
