cluster,ins_mean,ins_median,ins_var,ins_std,ins_p05,ins_p25,ins_p50,ins_p75,ins_p95,del_mean,del_median,del_var,del_std,del_p05,del_p25,del_p50,del_p75,del_p95
A,0.3680693383781794,0.3632896540750229,0.0007968676347342712,0.028228844020509788,0.3324182398711534,0.3500076738494831,0.3632896540750229,0.3757899834422742,0.4172441275571482,0.2560490143922707,0.2637158905193595,0.0004063483995585454,0.02015808521557902,0.22379715046799176,0.2426716485138211,0.2637158905193595,0.26787971667446486,0.28222502364176805
