cluster,ins_mean,ins_median,ins_var,ins_std,ins_p05,ins_p25,ins_p50,ins_p75,ins_p95,del_mean,del_median,del_var,del_std,del_p05,del_p25,del_p50,del_p75,del_p95
A,0.41746047433296174,0.4168185976320059,0.0013882551230047088,0.03725929579319379,0.37328810650378175,0.3831810705506352,0.4168185976320059,0.44932899523107106,0.4726848803251362,0.25564198958565687,0.2571701840388949,0.0006125225287262129,0.024749192486346154,0.21944111320323603,0.2406963578922744,0.2571701840388949,0.27058014424598553,0.29225934085974214
