cluster,ins_mean,ins_median,ins_var,ins_std,ins_p05,ins_p25,ins_p50,ins_p75,ins_p95,del_mean,del_median,del_var,del_std,del_p05,del_p25,del_p50,del_p75,del_p95
A,0.328521645462143,0.3369310916163347,0.0005324534599368358,0.02307495308634095,0.2919803483462244,0.3146169499899597,0.3369310916163347,0.3417782562413134,0.35965021319586904,0.19165388706536476,0.1926178600475468,0.000564323284099198,0.02375548955713601,0.1520227676843657,0.17894121193601817,0.1926178600475468,0.21137233913987943,0.22059311537921444
