cluster,ins_mean,ins_median,ins_var,ins_std,ins_p05,ins_p25,ins_p50,ins_p75,ins_p95,del_mean,del_median,del_var,del_std,del_p05,del_p25,del_p50,del_p75,del_p95
AB,0.6901500439290097,0.6866278931386962,0.0009009195522323013,0.030015321957831825,0.6498410242699337,0.6698125150051957,0.6866278931386962,0.7088274059454673,0.7377309434000614,0.3341403409939457,0.3410481291491012,0.00034100436339410664,0.01846630345776075,0.30897228973115903,0.3148939734751404,0.3410481291491012,0.34612148855343194,0.35917589775690384
AC,0.5753966567398271,0.5846088596439216,0.0019503401653757227,0.04416265577810875,0.5110323144495797,0.5372052493833573,0.5846088596439216,0.607037596168025,0.6339062931425699,0.6434480650084567,0.6488613891118804,0.0010096507063429348,0.031775001279983214,0.5976238407555057,0.6169913923590652,0.6488613891118804,0.6737954076416265,0.6792449138263258
AA,0.701705922857281,0.7012709684081648,0.002674340321739696,0.051714024420264335,0.6378133829751593,0.6598373422801035,0.7012709684081648,0.7352295611917815,0.7831599192370053,0.6150124381116018,0.6070586888491691,0.0007141026733156648,0.026722699588845152,0.5831938472860787,0.6019646123796518,0.6070586888491691,0.6225895445224028,0.6643112048989407
