cluster,ins_mean,ins_median,ins_var,ins_std,ins_p05,ins_p25,ins_p50,ins_p75,ins_p95,del_mean,del_median,del_var,del_std,del_p05,del_p25,del_p50,del_p75,del_p95
A,0.432898755143936,0.43161540643455354,0.0006861998246209663,0.026195416099404994,0.39897848472397446,0.40989592113355555,0.43161540643455354,0.4620311606351933,0.466232484462796,0.2166320079414157,0.20650666884769853,0.0006028323216204352,0.024552643882491256,0.1851011821121018,0.19877136009688268,0.20650666884769853,0.23729727467467926,0.25364420699360357
