cluster,ins_mean,ins_median,ins_var,ins_std,ins_p05,ins_p25,ins_p50,ins_p75,ins_p95,del_mean,del_median,del_var,del_std,del_p05,del_p25,del_p50,del_p75,del_p95
A,0.40063390133499405,0.4064134156191055,0.0009785652609276497,0.03128202776240137,0.35583800748059674,0.37596795177377895,0.4064134156191055,0.4199761637541243,0.44756120941427735,0.21452501326565682,0.21290254639909256,0.0012829358916733868,0.035818094472953005,0.1560931209672044,0.20808895999866334,0.21290254639909256,0.2287985955935995,0.2662760291861618
