iteration,test_loss,accuracy,f1score,precision,recall,accuracy_per_0,accuracy_per_1,accuracy_per_2,accuracy_per_3,accuracy_per_4,accuracy_per_5,accuracy_per_6,accuracy_per_7,accuracy_per_8
,0.7485309073442146,0.8148740503798481,0.8121722756590467,0.8133033233890941,0.8115850122524063,0.9711815561959655,0.9716177861873226,0.6744791666666666,0.9619377162629758,0.7573033707865169,0.7858197932053176,0.6795895096921323,0.6727272727272727,0.8296089385474861
