cluster,ins_mean,ins_median,ins_var,ins_std,ins_p05,ins_p25,ins_p50,ins_p75,ins_p95,del_mean,del_median,del_var,del_std,del_p05,del_p25,del_p50,del_p75,del_p95
AB,0.8018228018960056,0.7919546614916726,0.0012318543965478756,0.035097783356614926,0.7527604882463788,0.7787126698291067,0.7919546614916726,0.8289928566774651,0.8524701995788468,0.5283215919758302,0.5397964143733087,0.0010486851467548955,0.032383408510453245,0.47453370695225505,0.5139429744875159,0.5397964143733087,0.5495377407764042,0.5640565796598377
AC,0.7409524199131519,0.7495966488954926,0.004888678308096397,0.06991908400498677,0.6477412844061807,0.6822129788415743,0.7495966488954926,0.7916888136364534,0.8417075301637,0.6247795016771018,0.6078353360244365,0.005888753322422762,0.07673821292174299,0.5168599767395856,0.5890711854625639,0.6078353360244365,0.6745856226300231,0.7389304580056746
AA,0.857722221019451,0.8586610799734978,0.0005350900228655208,0.02313201294452173,0.8217730638013208,0.8424827317328933,0.8586610799734978,0.8750005576464892,0.8838482716328202,0.6219742852490868,0.6261444949438626,0.0011709303709190196,0.034218859871699696,0.5699688409393706,0.6017226460459038,0.6261444949438626,0.6461685254143656,0.6693677595999576
