cluster,ins_mean,ins_median,ins_var,ins_std,ins_p05,ins_p25,ins_p50,ins_p75,ins_p95,del_mean,del_median,del_var,del_std,del_p05,del_p25,del_p50,del_p75,del_p95
AA,0.561320140322443,0.5870137031666782,0.003042759468992954,0.0551612134474302,0.4752812784395219,0.5108890860656776,0.5870137031666782,0.6034818734417761,0.6155525737936928,0.4180840353966939,0.41975545656875773,0.001520544017255946,0.03899415362917813,0.35665555954661554,0.3950890874676026,0.41975545656875773,0.4469491455955139,0.471845562520702
AC,0.5026347627066758,0.48131805300886094,0.0027755802266391893,0.05268377574395356,0.4437162755687277,0.45111267260452004,0.48131805300886094,0.5443466136131966,0.5842279335903695,0.4200523020204605,0.4081325513999727,0.003673681251473822,0.06061090043444184,0.3501945954527408,0.3725463848666004,0.4081325513999727,0.4456865748693587,0.5292728259625936
AB,0.6201937499021818,0.6360833120181635,0.0028543372747273535,0.053425998116341765,0.5208481074173074,0.601810707127086,0.6360833120181635,0.6594230396376976,0.6792756266008388,0.3543468514590185,0.3607361639536271,0.001665190483936349,0.0408067455690398,0.2901696020004083,0.3284629502759515,0.3607361639536271,0.39114349985986197,0.3977115652557207
AD,0.5774058896505033,0.5802853578817732,0.001225844371930136,0.03501206037824875,0.515838629997581,0.5638017519316427,0.5802853578817732,0.6043620306486318,0.6189683719874594,0.3658712321817912,0.3671598952353261,0.0020908074298437262,0.045725347782643776,0.30938659770871124,0.3271523436139667,0.3671598952353261,0.3801983066643234,0.4454225482065578
AE,0.5431011739847629,0.5355261549708564,0.002354502152346907,0.04852321251057999,0.47681774923925535,0.5153849966016121,0.5355261549708564,0.5650286372800846,0.6254175264808102,0.38594358964064585,0.35327526606721255,0.0034347024404973933,0.05860633447416237,0.31181091794343185,0.3388863330245855,0.35327526606721255,0.4435318307432389,0.45974448415618074
