cluster,ins_mean,ins_median,ins_var,ins_std,ins_p05,ins_p25,ins_p50,ins_p75,ins_p95,del_mean,del_median,del_var,del_std,del_p05,del_p25,del_p50,del_p75,del_p95
A,0.5956357289035821,0.6050829000733249,0.003650577879291166,0.060420012241733004,0.49267847956354616,0.5678410472556157,0.6050829000733249,0.6318356560236151,0.6689493246766542,0.3598078485418343,0.34050094191248165,0.0021821342346399282,0.04671331967051719,0.2969543406025177,0.33644194082576295,0.34050094191248165,0.3895078160597903,0.432827357980298
