cluster,ins_mean,ins_median,ins_var,ins_std,ins_p05,ins_p25,ins_p50,ins_p75,ins_p95,del_mean,del_median,del_var,del_std,del_p05,del_p25,del_p50,del_p75,del_p95
AB,0.75487192877001,0.761577546388355,0.0012008512909232546,0.03465330129905742,0.7020328279318068,0.737267117742978,0.761577546388355,0.7710740415026762,0.7961249403136401,0.5655370624614809,0.5648290958957639,0.0031872796844397743,0.056455997772068243,0.48256423648935687,0.5343866617620477,0.5648290958957639,0.6032870159164254,0.646397412275456
AC,0.6345710426383128,0.6437993468202933,0.001854210549260408,0.043060545157492004,0.5629273497254864,0.615562219418218,0.6437993468202933,0.658395677150326,0.6933306483402824,0.6209504357632701,0.6157951381689916,0.0014983713802727181,0.03870880236164274,0.5755184066550076,0.5910461152325619,0.6157951381689916,0.6459409795745632,0.6823547312500129
AA,0.5919610176765328,0.5841117885629903,0.0048883806405605875,0.06991695531529235,0.49805587773666404,0.5447004907103858,0.5841117885629903,0.6396229986451958,0.6916583090649276,0.5422051869719596,0.5334468411690836,0.0037437510292726516,0.0611861996635896,0.4654061574480397,0.5008561241707113,0.5334468411690836,0.5805227567165773,0.6376522719501283
