cluster,ins_mean,ins_median,ins_var,ins_std,ins_p05,ins_p25,ins_p50,ins_p75,ins_p95,del_mean,del_median,del_var,del_std,del_p05,del_p25,del_p50,del_p75,del_p95
AA,0.1930484437444908,0.19349035762862696,0.0032817440115682412,0.05728650811114464,0.10797989011012737,0.15132417307491872,0.19349035762862696,0.23453468660884716,0.27484129314018724,0.19183173454696298,0.1902719659324658,0.003829318166675907,0.061881484845435854,0.09969583041484847,0.14680518570145534,0.1902719659324658,0.2371674889826394,0.28107059170080434
AB,0.24227006782849242,0.25351827946239447,0.0021653815887044416,0.0465336608134847,0.164716876730786,0.2246916445174013,0.25351827946239447,0.2766398625140355,0.2913933631542809,0.22635745902682858,0.23578337655781142,0.002392323584510667,0.04891138501934562,0.14128541212076096,0.20750649758239523,0.23578337655781142,0.2626547307213536,0.2744060061984008
