cluster,ins_mean,ins_median,ins_var,ins_std,ins_p05,ins_p25,ins_p50,ins_p75,ins_p95,del_mean,del_median,del_var,del_std,del_p05,del_p25,del_p50,del_p75,del_p95
A,0.3426144939659429,0.3445898640282675,0.0022639347349580788,0.04758082318495634,0.2658663972898484,0.3253502072701129,0.3445898640282675,0.3630604081829695,0.4125491511435063,0.32161121419142985,0.33091237014065006,0.006234006306461693,0.07895572370931504,0.1896210453206909,0.2887679319290245,0.33091237014065006,0.3661172204241621,0.4286564911925834
