cluster,ins_mean,ins_median,ins_var,ins_std,ins_p05,ins_p25,ins_p50,ins_p75,ins_p95,del_mean,del_median,del_var,del_std,del_p05,del_p25,del_p50,del_p75,del_p95
A,0.16322451839468038,0.16025645632657598,0.0006699299785221313,0.025883005592900746,0.12460262869035948,0.15156865950941684,0.16025645632657598,0.1820612271071293,0.19663209848063995,0.14445958513388305,0.15189864663365346,0.0012024952867351658,0.03467701380936897,0.08974660745499674,0.12163772326843678,0.15189864663365346,0.17109284942506509,0.18678826945861182
