cluster,ins_mean,ins_median,ins_var,ins_std,ins_p05,ins_p25,ins_p50,ins_p75,ins_p95,del_mean,del_median,del_var,del_std,del_p05,del_p25,del_p50,del_p75,del_p95
A,0.41280104971898035,0.4188482667091435,0.001479605674589718,0.03846564278144482,0.3493793638590907,0.393952997372929,0.4188482667091435,0.44419573194950746,0.459658461087057,0.43076159405409253,0.43502653539241065,0.0007516819422659183,0.027416818602199605,0.3903741603164794,0.4104024323800989,0.43502653539241065,0.45057490373456366,0.46998406866714804
