cluster,ins_mean,ins_median,ins_var,ins_std,ins_p05,ins_p25,ins_p50,ins_p75,ins_p95,del_mean,del_median,del_var,del_std,del_p05,del_p25,del_p50,del_p75,del_p95
A,0.1396766261053077,0.1526867578102018,0.0004979227680666394,0.02231418311448213,0.10122202687702817,0.12694126560787372,0.1526867578102018,0.15496107820681362,0.16412654303463048,0.10817143508194536,0.10611303207843525,0.00038953561745214203,0.019736656693881617,0.07839742499952168,0.09695175935018695,0.10611303207843525,0.1285860339386118,0.13288647789384475
