cluster,ins_mean,ins_median,ins_var,ins_std,ins_p05,ins_p25,ins_p50,ins_p75,ins_p95,del_mean,del_median,del_var,del_std,del_p05,del_p25,del_p50,del_p75,del_p95
AB,0.3012144995970108,0.32709958128538436,0.005277519863490575,0.0726465406161269,0.18958287182700412,0.2346451011371054,0.32709958128538436,0.3579332466321532,0.3836884291693538,0.2979927539815398,0.3270802867860844,0.005417133459110001,0.07360117838125964,0.18499128192862557,0.2295171535756546,0.3270802867860844,0.35234575396763806,0.382468284514333
AD,0.27785663569438107,0.2668363142359226,0.004440169572024372,0.06663459741023707,0.2053549707115982,0.20937414541293758,0.2668363142359226,0.3377476999925797,0.37501244923568067,0.27799990026599297,0.2698663283180492,0.004714534274059031,0.068662466268399,0.20257608353057488,0.20852839001466125,0.2698663283180492,0.3420989575812904,0.37635703299740053
AA,0.5686999219106706,0.5923765390235951,0.007389322668222315,0.08596116953731095,0.43946249418558714,0.5007628453167188,0.5923765390235951,0.6248196133377011,0.6860301323308535,0.5689854887487586,0.593459332258907,0.0074654767287769324,0.08640299027682394,0.4395676678370902,0.5006075969167216,0.593459332258907,0.6257126059675066,0.6866049434635618
AE,0.22544270537224279,0.23573770186207466,0.0029751287479404336,0.05454474079084466,0.13752929487110577,0.20232241794094097,0.23573770186207466,0.24877117897328938,0.3024782344689689,0.21854777145607843,0.2410541535594029,0.003363500340635756,0.05799569243172941,0.12188621672843786,0.1920367570274311,0.2410541535594029,0.24750831384319844,0.2913982598322992
AC,0.2449058206731202,0.24716384275761938,0.0018768647687874669,0.04332279733336095,0.17866104390930956,0.2194761230695191,0.24716384275761938,0.27656489942869045,0.30163837823274076,0.22705393377332284,0.24362184888119648,0.0020464793138300877,0.04523802950870084,0.15614967482736924,0.19931987922097094,0.24362184888119648,0.261787227510274,0.2798570276253667
