cluster,ins_mean,ins_median,ins_var,ins_std,ins_p05,ins_p25,ins_p50,ins_p75,ins_p95,del_mean,del_median,del_var,del_std,del_p05,del_p25,del_p50,del_p75,del_p95
AA,0.5457562746091953,0.5636343249422409,0.008223473762058132,0.09068337092354987,0.4096641460761308,0.47227737943117215,0.5636343249422409,0.6110644832638339,0.6620335175770805,0.5444990845758672,0.5635886515856625,0.008338196872553048,0.0913137277333099,0.4077497990599044,0.47041282639457876,0.5635886515856625,0.6102350558881648,0.6615556870310362
AB,0.3035500503169534,0.2999700615490857,0.006799456929189573,0.08245881959614491,0.19866365491763735,0.2364181135899613,0.2999700615490857,0.34442032326371014,0.4372989311856587,0.2869037165060757,0.2868959749206086,0.006918134055380529,0.08317532119192886,0.18530580952892112,0.22419484069206538,0.2868959749206086,0.3229327587093129,0.4246724909140207
AC,0.18127102242364126,0.1725718342682081,0.004306882183136465,0.06562684041713775,0.10801223497728502,0.13131608718841487,0.1725718342682081,0.20488277311585584,0.29299488509103155,0.16246582873359283,0.1479393151767072,0.004298422241154738,0.06556235384086463,0.09365556320696902,0.10905294134055868,0.1479393151767072,0.1872128423384138,0.27494942871642997
