cluster,ins_mean,ins_median,ins_var,ins_std,ins_p05,ins_p25,ins_p50,ins_p75,ins_p95,del_mean,del_median,del_var,del_std,del_p05,del_p25,del_p50,del_p75,del_p95
A,0.17008622353809272,0.15555800882592613,0.004001585124741023,0.06325808347350577,0.09192504758605241,0.11731856667984009,0.15555800882592613,0.21198452730529177,0.2674918742352224,0.1786525739381168,0.18046976197492473,0.005917975062875919,0.0769283761876976,0.08868180927732577,0.10875166239514872,0.18046976197492473,0.2170585129230444,0.3053163933781984
