iteration,test_loss,accuracy,f1score,precision,recall,accuracy_per_0,accuracy_per_1,accuracy_per_2,accuracy_per_3,accuracy_per_4,accuracy_per_5,accuracy_per_6,accuracy_per_7,accuracy_per_8
,0.5339785014526753,0.8041783286685326,0.8008130449767455,0.8014946855544518,0.8005745170383346,0.9615754082612872,0.9460737937559129,0.6458333333333334,0.9472318339100346,0.7595505617977528,0.7961595273264401,0.6681870011402509,0.6593301435406699,0.8212290502793296
