iteration,test_loss,accuracy,f1score,precision,recall,accuracy_per_0,accuracy_per_1,accuracy_per_2,accuracy_per_3,accuracy_per_4,accuracy_per_5,accuracy_per_6,accuracy_per_7
,0.16050318256020546,0.9620327102803738,0.959272614701792,0.9576975235965404,0.961021361928392,0.9426229508196722,0.9967948717948718,0.9806451612903225,0.8896551724137931,0.9754098360655737,0.9300699300699301,0.972972972972973,1.0
