iteration,test_loss,accuracy,f1score,precision,recall,accuracy_per_0,accuracy_per_1,accuracy_per_2,accuracy_per_3,accuracy_per_4,accuracy_per_5,accuracy_per_6,accuracy_per_7
,0.21446450906140463,0.9410046728971962,0.9359691439165494,0.9395815707457741,0.9334854941525125,0.860655737704918,0.9615384615384616,0.9032258064516129,0.903448275862069,0.9672131147540983,0.9090909090909091,0.9669669669669669,0.9957446808510638
