iteration,test_loss,accuracy,f1score,precision,recall,accuracy_per_0,accuracy_per_1,accuracy_per_2,accuracy_per_3,accuracy_per_4,accuracy_per_5,accuracy_per_6,accuracy_per_7
,0.23945326570953643,0.945677570093458,0.9381971399050897,0.9373244829885576,0.9395343657053503,0.8770491803278688,0.9967948717948718,0.9483870967741935,0.8689655172413793,0.9590163934426229,0.9020979020979021,0.963963963963964,1.0
