cluster,ins_mean,ins_median,ins_var,ins_std,ins_p05,ins_p25,ins_p50,ins_p75,ins_p95,del_mean,del_median,del_var,del_std,del_p05,del_p25,del_p50,del_p75,del_p95
AB,0.5341032452499529,0.5394227901734461,0.001209480357632854,0.034777584125882784,0.4863942985590547,0.5015620049558008,0.5394227901734461,0.5667517778330092,0.5751184221439679,0.4003291300697152,0.39319997842577403,0.0007145501846915936,0.026731071521575667,0.36387129140161767,0.3863457430923348,0.39319997842577403,0.41499804995940903,0.4460110150748424
AA,0.5411797138067665,0.5508496662949293,0.002224198128138193,0.047161405069592585,0.47213018863873196,0.5027644892680394,0.5508496662949293,0.5674673611163192,0.607125781246751,0.3654433007494415,0.3712364084197845,0.0018618716625687572,0.04314941091798076,0.30110192812244224,0.3324018798679719,0.3712364084197845,0.39833995207022016,0.4227104029383135
