cluster,ins_mean,ins_median,ins_var,ins_std,ins_p05,ins_p25,ins_p50,ins_p75,ins_p95,del_mean,del_median,del_var,del_std,del_p05,del_p25,del_p50,del_p75,del_p95
AB,0.3782602658173042,0.375258720390357,0.0004924921728991135,0.022192164673575977,0.34462209044152864,0.3692204704019577,0.375258720390357,0.38999343585509316,0.41126640484009624,0.28149149282314506,0.2844158739702315,0.00037980942508198176,0.019488699933088962,0.2531674106483158,0.2647053459710756,0.2844158739702315,0.2931745355554565,0.3102784612578693
AC,0.27489130703233505,0.27730370157883044,0.0002800457065957138,0.01673456622072152,0.25039714445999783,0.2649707936718002,0.27730370157883044,0.28266570029680693,0.2993937105913531,0.24001875323475658,0.2422947628354848,0.0001819387739834858,0.01348846818521235,0.22054894264331182,0.22984199663115845,0.2422947628354848,0.24820935398663835,0.25838711825735317
AA,0.6793883692773105,0.6703982508766262,0.0010104355552427444,0.03178734898104503,0.645188678793331,0.6596291205737829,0.6703982508766262,0.693565390583698,0.7321436466715784,0.644021619071347,0.6445878575101269,0.0014602692968193574,0.03821347009654263,0.5993574513523076,0.6174440884044109,0.6445878575101269,0.6550845469905429,0.702777625132204
