cluster,ins_mean,ins_median,ins_var,ins_std,ins_p05,ins_p25,ins_p50,ins_p75,ins_p95,del_mean,del_median,del_var,del_std,del_p05,del_p25,del_p50,del_p75,del_p95
AB,0.40657205837739346,0.38831177451130167,0.0017785446865674582,0.04217279557448686,0.3644883089552655,0.3826437281082075,0.38831177451130167,0.4198979100706808,0.4876884737502566,0.26405878125936766,0.26341468972220117,0.00022658579676400673,0.015052767079975918,0.2446733036646197,0.25517499425305407,0.26341468972220117,0.26639112625482425,0.2908856062545443
AA,0.36631524904971013,0.3806830834524226,0.0011558861661883095,0.03399832593214421,0.32286411341651766,0.32757514474380545,0.3806830834524226,0.3924320771232218,0.4103953160609772,0.23655751733137118,0.2286624520686133,0.0012149154998691498,0.03485563799257087,0.19833064780294019,0.2117866637018888,0.2286624520686133,0.24334332130089326,0.30266161388900525
