cluster,ins_mean,ins_median,ins_var,ins_std,ins_p05,ins_p25,ins_p50,ins_p75,ins_p95,del_mean,del_median,del_var,del_std,del_p05,del_p25,del_p50,del_p75,del_p95
AB,0.5461607944351367,0.539393452106238,0.0016152677657763988,0.04019039394900725,0.4972937443932747,0.5029467405360333,0.539393452106238,0.5850672559805199,0.5957245327484957,0.4061377104166733,0.40275171550195377,0.0009845049664547612,0.03137682212166747,0.3682102461410829,0.37746394528487515,0.40275171550195377,0.42659028369941,0.4570478264172859
AA,0.6372000017387948,0.6342227966437815,0.0015093921185920544,0.0388508959818439,0.5861381209426874,0.6216539331186721,0.6342227966437815,0.6484397005380952,0.7013096083683277,0.37055798434819587,0.36132520031067455,0.001720903851683737,0.041483778175134156,0.3169291902309717,0.344634999196075,0.36132520031067455,0.3866909970579332,0.4414964669873981
AC,0.44018170562734604,0.4437998562515163,0.00046203447304527277,0.021494987160853872,0.41112872250914123,0.4219639276271643,0.4437998562515163,0.45141933931318917,0.4725346201052826,0.3304927388814308,0.3330473000587304,0.0002909037435813412,0.017055900550288782,0.30708016731229026,0.31604244126267356,0.3330473000587304,0.33834014599767936,0.356538391416913
