cluster,ins_mean,ins_median,ins_var,ins_std,ins_p05,ins_p25,ins_p50,ins_p75,ins_p95,del_mean,del_median,del_var,del_std,del_p05,del_p25,del_p50,del_p75,del_p95
AB,0.5662180807657363,0.5682627166248508,0.0017338043006013817,0.04163897573910028,0.49816424387057623,0.5422775000711293,0.5682627166248508,0.6007090235215777,0.6198120579376507,0.5631120735066574,0.555774651540828,0.0029494195111575677,0.05430855836014769,0.47568108498673656,0.5432550250811463,0.555774651540828,0.5947961034355806,0.6345561465828808
AC,0.5622247614385304,0.568706942007168,0.001042072950381534,0.032281154725033206,0.5150252086940377,0.5342909109224032,0.568706942007168,0.5829598138325229,0.6038626377835218,0.5426589657815756,0.5260358557678018,0.0008497749411174305,0.02915089949070921,0.5118214486246115,0.5214077165627482,0.5260358557678018,0.5600454122164447,0.5870973800999959
AA,0.4660727605369159,0.46362036028191866,0.0005137673259703923,0.022666436110919428,0.43183940478916916,0.4533207075174879,0.46362036028191866,0.47691337455913185,0.5019050265222944,0.36953704090261197,0.3689866913977653,0.00016730480740224506,0.012934635959401605,0.35036847613296374,0.3611511798501681,0.3689866913977653,0.3774252957642119,0.38865603067263144
