cluster,ins_mean,ins_median,ins_var,ins_std,ins_p05,ins_p25,ins_p50,ins_p75,ins_p95,del_mean,del_median,del_var,del_std,del_p05,del_p25,del_p50,del_p75,del_p95
AB,0.6657640645486086,0.6721379887887424,0.0015669384761331463,0.03958457371417742,0.6075866996214254,0.6410824255411511,0.6721379887887424,0.6818740094119596,0.725100299910233,0.5762042235274989,0.5818745105551076,0.0013382112082544943,0.03658156924264587,0.5168421356273702,0.5560795635524504,0.5818745105551076,0.6042142945983282,0.6191373330034975
AA,0.3924129181742116,0.39873917772743145,0.001351624479837876,0.03676444586605211,0.33640699039072125,0.366866022761472,0.39873917772743145,0.41434859317187955,0.4394842955946427,0.35171993292836345,0.3440022200432257,0.0006229456630272823,0.024958879442540733,0.3255154052816024,0.33292887043797514,0.3440022200432257,0.3593397918727983,0.39584822880809567
