cluster,ins_mean,ins_median,ins_var,ins_std,ins_p05,ins_p25,ins_p50,ins_p75,ins_p95,del_mean,del_median,del_var,del_std,del_p05,del_p25,del_p50,del_p75,del_p95
AB,0.4118828935153083,0.40176342784815394,0.0015120643182191086,0.03888527122470806,0.36240387987617867,0.3892703056323187,0.40176342784815394,0.42809989608013427,0.4779535270879195,0.3189962839848243,0.31668612502095295,0.0009563612475577659,0.030925090906216684,0.2825408206113731,0.29527307539220604,0.31668612502095295,0.3370164448385704,0.36857009592536605
AA,0.4314916426538122,0.4209216480846889,0.001376773071122858,0.0371048928191803,0.3807748044849062,0.41217111647320714,0.4209216480846889,0.4506197986252809,0.4909527556165411,0.2813980583014112,0.2864310450112247,0.0007311946076084959,0.027040610340901994,0.24434674875890366,0.2654413617626329,0.2864310450112247,0.29222749930824365,0.32453220122562665
AC,0.556516180040865,0.5604341999600759,0.0010694703215795812,0.032702757094465004,0.5050626728867197,0.534819361418333,0.5604341999600759,0.581949142095562,0.5996944263997921,0.38837809067296464,0.38838578394950063,0.0036631325295025468,0.060523817869517674,0.2850839285771104,0.370548330335501,0.38838578394950063,0.4200869617383317,0.46477002779458787
