cluster,ins_mean,ins_median,ins_var,ins_std,ins_p05,ins_p25,ins_p50,ins_p75,ins_p95,del_mean,del_median,del_var,del_std,del_p05,del_p25,del_p50,del_p75,del_p95
AB,0.4063633605185952,0.4122789820183077,0.0017224603314108578,0.04150253403601831,0.34278046266486895,0.37945215455099046,0.4122789820183077,0.4321856566376249,0.46359128453031373,0.21954569256670026,0.21628572041600427,0.0010426740190209388,0.03229046328284775,0.18159216732262307,0.19829842793962782,0.21628572041600427,0.23091165703368444,0.27626615681749195
AA,0.3900931667201352,0.39088187970388155,0.0008213286366477127,0.0286588317390593,0.3454452212842125,0.36778314124886025,0.39088187970388155,0.41402256774687773,0.42440712866753094,0.2044959641997013,0.2030867386619646,0.0016361244780602594,0.040449035564031184,0.14569596352090014,0.17784309587818606,0.2030867386619646,0.23226208905515777,0.26491939535979214
AC,0.4039087737257787,0.4027936623002897,0.0013921180253333462,0.03731109788432051,0.3527375689851673,0.3859752402920067,0.4027936623002897,0.41203796536626097,0.4703675441987109,0.20409952121298122,0.20130756546078313,0.00032848782858944627,0.018124233186246702,0.17954216641914503,0.1953533917402802,0.20130756546078313,0.20870388986966737,0.23672553062162077
