cluster,ins_mean,ins_median,ins_var,ins_std,ins_p05,ins_p25,ins_p50,ins_p75,ins_p95,del_mean,del_median,del_var,del_std,del_p05,del_p25,del_p50,del_p75,del_p95
AB,0.49890117788704436,0.4950877551636762,0.0009343249926017441,0.030566730158813914,0.45466243008962903,0.4813281548186688,0.4950877551636762,0.5237571270260417,0.5428430214697926,0.38583667789496,0.3933342403188439,0.0019738657688634594,0.044428209156609715,0.32979655709659694,0.35132881384161796,0.3933342403188439,0.41766638982650617,0.4515389803486588
AA,0.5961527987802078,0.6091964837651931,0.0007716630090226399,0.027778823031630404,0.5472393292244095,0.5841155019766254,0.6091964837651931,0.6137959268746636,0.6284967099951821,0.3775510012504975,0.36858263289021265,0.0018492490898788653,0.043002896296399216,0.3291941491787752,0.34863870355060483,0.36858263289021265,0.3972604556347895,0.4484287970904411
AD,0.4338747299803666,0.4312822704102656,0.0016874725956556357,0.04107885825647587,0.3789170699950105,0.4032466788548302,0.4312822704102656,0.45786826316962126,0.49900026524685615,0.2731604774090095,0.27888716175381933,0.0004620189417586147,0.021494625880871122,0.23674652679657388,0.2620795143293624,0.27888716175381933,0.2880178651639962,0.3004909942839058
AC,0.4465732263124652,0.4462833169277305,0.0012218310524823432,0.03495470000561217,0.4006605431128973,0.4167737347216638,0.4462833169277305,0.4727254205793717,0.496276485597369,0.2970791883225596,0.2902702302597797,0.0007504600679268049,0.027394526240232826,0.25926182568513023,0.27748610577129873,0.2902702302597797,0.32197295070512055,0.3361839834728269
