cluster,ins_mean,ins_median,ins_var,ins_std,ins_p05,ins_p25,ins_p50,ins_p75,ins_p95,del_mean,del_median,del_var,del_std,del_p05,del_p25,del_p50,del_p75,del_p95
AB,0.4100266877747936,0.4193697073231094,0.002092542710808488,0.04574431889107639,0.3466776223803981,0.36980320575003395,0.4193697073231094,0.43876620243231296,0.47676199099349714,0.32827483285742165,0.3247997311184001,0.0010582665122579999,0.032531008472809445,0.2846847636110114,0.305983892385151,0.3247997311184001,0.3543611011751038,0.37719434480344094
AC,0.44149898927568043,0.4439108930796613,0.0011013972799815309,0.03318730600668772,0.38866942243496483,0.42766055237250566,0.4439108930796613,0.456117945163585,0.489458970729854,0.3637367755037315,0.36056220989957666,0.001849771360096112,0.04300896836819167,0.3119935563821349,0.3383298826916562,0.36056220989957666,0.3723742113365831,0.43551885414225333
AA,0.4802506538083248,0.4636731769985128,0.0014561125267776559,0.038159042529624036,0.4329314510199017,0.45408306626778816,0.4636731769985128,0.518755912303423,0.5349259969036129,0.3626191354685506,0.36243139132521424,0.0006648082807151589,0.025783876371002847,0.3204834541460204,0.3505596464133181,0.36243139132521424,0.37982528821903916,0.3967884342450563
