cluster,ins_mean,ins_median,ins_var,ins_std,ins_p05,ins_p25,ins_p50,ins_p75,ins_p95,del_mean,del_median,del_var,del_std,del_p05,del_p25,del_p50,del_p75,del_p95
AB,0.6761016721070756,0.6726372124947089,0.0020037887497212897,0.04476369901741019,0.61611680804657,0.6473197896583163,0.6726372124947089,0.6997232220688507,0.7438026330003007,0.682813875634327,0.7053969450460034,0.004183962112702524,0.06468355364930505,0.5714484152029209,0.6453507012549591,0.7053969450460034,0.7220856224747557,0.7648239017701357
AC,0.3578686722188396,0.3527278067373337,0.0004478129550875538,0.021161591506490097,0.3285382273677554,0.3464977824632067,0.3527278067373337,0.3700299491086487,0.3894739659021448,0.2626778877913196,0.2505029373855052,0.0008398280256935836,0.02897978650186339,0.23269007611622278,0.24170537317332344,0.2505029373855052,0.284045654753409,0.30957447425850354
AA,0.2900690181354934,0.2902045752997737,0.00033880580659785504,0.018406678315162,0.2646879930542705,0.2760506071943347,0.2902045752997737,0.3008505220025288,0.31739747808477287,0.24244808592615844,0.24157904348587303,0.00010275722921331915,0.01013692405088048,0.2275601637253517,0.2349596172084012,0.24157904348587303,0.2497676011855714,0.25634761829797736
