cluster,ins_mean,ins_median,ins_var,ins_std,ins_p05,ins_p25,ins_p50,ins_p75,ins_p95,del_mean,del_median,del_var,del_std,del_p05,del_p25,del_p50,del_p75,del_p95
AB,0.47586251470927565,0.46887788756867543,0.0007195290048843363,0.026824037818425777,0.44377654625089297,0.4588660127098363,0.46887788756867543,0.492302830378709,0.5206863544032603,0.3622337499199287,0.36481222694750004,0.0007164454648987563,0.026766498928674932,0.3211175771272332,0.35771988385433373,0.36481222694750004,0.37191450065326315,0.3936531493099856
AA,0.48364800389154466,0.4789813413068589,0.0011095881361123745,0.033310480874829386,0.4492027216842913,0.45729444928026985,0.4789813413068589,0.4968950220140952,0.543040014864108,0.37084401797680494,0.36785973436936104,0.0006423358455832889,0.025344345436078813,0.34020879816624117,0.3511172353594314,0.36785973436936104,0.3853145165959607,0.4126385094185438
AC,0.48886544456568487,0.49322761831929784,0.0014475076954540797,0.03804612589284328,0.4414236163133799,0.4538254327663126,0.49322761831929784,0.51850798097705,0.5451831032639985,0.3866041493810698,0.370993007295435,0.002256290858199604,0.04750043008436454,0.3300945574386828,0.35440758025728997,0.370993007295435,0.4165690574987864,0.46477332023250084
