cluster,ins_mean,ins_median,ins_var,ins_std,ins_p05,ins_p25,ins_p50,ins_p75,ins_p95,del_mean,del_median,del_var,del_std,del_p05,del_p25,del_p50,del_p75,del_p95
AB,0.4582879210827065,0.4433233311610747,0.004642891134895144,0.06813876381983419,0.3669739701768062,0.4107417517468291,0.4433233311610747,0.49608400463605307,0.5640722390651279,0.33976293077035247,0.33945063461996233,0.0011774520259481668,0.03431402083621456,0.2856133853622328,0.32503390764818746,0.33945063461996233,0.35899313977180136,0.38815381492477574
AC,0.46116767535460457,0.4658469525272024,0.0008129249959711416,0.02851183957536135,0.4193284131749112,0.4492069894686777,0.4658469525272024,0.4706868799473246,0.5022195118439612,0.31634613349112467,0.3163834329434467,0.0029722709422659423,0.05451853760204819,0.23640338488116092,0.2730756686752768,0.3163834329434467,0.3652248867823107,0.38442350887767507
AA,0.46918639703430015,0.4668217356388027,0.0015458846067361103,0.039317739084745326,0.40604902335782517,0.45331749573953883,0.4668217356388027,0.485749653765458,0.5312145367509684,0.33773461834119156,0.33452742265299124,0.0005198537131473266,0.022800300724931822,0.3141833780073694,0.3196815578494334,0.33452742265299124,0.34710720692278896,0.3765812609379245
