cluster,ins_mean,ins_median,ins_var,ins_std,ins_p05,ins_p25,ins_p50,ins_p75,ins_p95,del_mean,del_median,del_var,del_std,del_p05,del_p25,del_p50,del_p75,del_p95
AB,0.4773905731412855,0.47942511074234506,0.0026256908194251904,0.051241495093578115,0.39941407630845144,0.44287337323333453,0.47942511074234506,0.5154099539383767,0.5472147725492853,0.38782780811952605,0.38152763726527184,0.0009829669021739396,0.0313523029803863,0.34701495328074294,0.3617946380573773,0.38152763726527184,0.41643617059659377,0.43288001486489414
AC,0.3018030124688874,0.2952562687442575,0.0006003274311146763,0.024501580175871847,0.2759364446069412,0.2851666480407147,0.2952562687442575,0.31159587841737846,0.34447669771947176,0.23610938101542212,0.231966273340646,0.0002096918392278326,0.014480740285905019,0.21792130523460573,0.22779805934891328,0.231966273340646,0.24544123912195914,0.2597379463311853
AA,0.35928448597586304,0.34821816737131334,0.0003378580271574117,0.018380914753009757,0.3404209222629646,0.3442211322636961,0.34821816737131334,0.3784638418731099,0.38667226636591323,0.2745914761299142,0.2654556417241487,0.0011798570081179933,0.034349046684267574,0.23373102440944002,0.2522944117091903,0.2654556417241487,0.28683432783904195,0.33682584681097794
