cluster,ins_mean,ins_median,ins_var,ins_std,ins_p05,ins_p25,ins_p50,ins_p75,ins_p95,del_mean,del_median,del_var,del_std,del_p05,del_p25,del_p50,del_p75,del_p95
AA,0.8733443121830132,0.8598303601561946,0.004430778964217333,0.06656409666041697,0.7936034842123585,0.823202970522274,0.8598303601561946,0.931413497493466,0.9635661884184805,0.8714254500112889,0.8592967518147804,0.004621762945764742,0.0679835490818532,0.7888317063113963,0.8201445859718038,0.8592967518147804,0.9304361437968671,0.9630161217763794
AB,0.15899372334035736,0.13779190903603264,0.0029727088061343976,0.05452255318796431,0.10941249267671774,0.11725735147868047,0.13779190903603264,0.1818784276990144,0.24587818236105563,0.15406244795157045,0.13350513809147105,0.0030922727895706385,0.055608207933457436,0.10209930038220687,0.11096698272519538,0.13350513809147105,0.17903146035099876,0.2420934255756812
AC,0.5406528065312234,0.5393503844621866,0.0029342015314244786,0.05416827052273756,0.4663889156124376,0.5369128827656837,0.5393503844621866,0.5528100888894304,0.6108246174687734,0.5372338793674974,0.5342803868127242,0.002936114302113879,0.05418592346831305,0.4640113501482335,0.5335608069865041,0.5342803868127242,0.5489509343209222,0.608539494852375
