cluster,ins_mean,ins_median,ins_var,ins_std,ins_p05,ins_p25,ins_p50,ins_p75,ins_p95,del_mean,del_median,del_var,del_std,del_p05,del_p25,del_p50,del_p75,del_p95
AA,0.13158359864414615,0.13465514439464138,0.004702254622672702,0.0685729875583141,0.05225409460664234,0.08860071510004347,0.13465514439464138,0.13764646837281813,0.23194297518302598,0.1268265634644923,0.13129535347052673,0.004713757827005408,0.06865681194903683,0.0457257083296332,0.0845208832936363,0.13129535347052673,0.13367664141617994,0.22635089840509026
AB,0.4812979467500546,0.4922986503724238,0.010674161131069414,0.10331583194781627,0.3285426063515827,0.4524165871540481,0.4922986503724238,0.5318129930197295,0.6067966751399836,0.476763304302209,0.4868983709111108,0.010706179866405765,0.10347067152776078,0.32450150865351446,0.4481967660053527,0.4868983709111108,0.5257720310361049,0.6035727299491582
AC,0.8056266209881361,0.8068802384828182,0.0023340381109353808,0.048311883744430635,0.7359444886361778,0.7863012563527061,0.8068802384828182,0.8358060315391312,0.8666101689859218,0.8054003230400956,0.8064164701723905,0.002389888146503319,0.048886482247174616,0.7349805650192945,0.78614863162621,0.8064164701723905,0.8358721268651071,0.8671545011324684
