cluster,ins_mean,ins_median,ins_var,ins_std,ins_p05,ins_p25,ins_p50,ins_p75,ins_p95,del_mean,del_median,del_var,del_std,del_p05,del_p25,del_p50,del_p75,del_p95
A,0.1469392296133403,0.11634912616303286,0.00684103667258401,0.08271055961957947,0.05256606028588211,0.09796510002482078,0.11634912616303286,0.22429239531443207,0.2580814955577757,0.14360020098384862,0.11291784507776297,0.00668938291108503,0.08178864781303717,0.050100875202394965,0.0965642079097549,0.11291784507776297,0.2209514767235768,0.2526854202119793
