cluster,ins_mean,ins_median,ins_var,ins_std,ins_p05,ins_p25,ins_p50,ins_p75,ins_p95,del_mean,del_median,del_var,del_std,del_p05,del_p25,del_p50,del_p75,del_p95
A,0.0885172857470516,0.10771958207332522,0.002810195882934529,0.053011280713962466,0.017907415888776396,0.043540370894024044,0.10771958207332522,0.10993052599808278,0.1524335929593385,0.07902798667265512,0.09947938046406124,0.0029830626845542677,0.05461742107198277,0.007351478883569609,0.031200453826820213,0.09947938046406124,0.10027696198463205,0.14456357339433876
