cluster,ins_mean,ins_median,ins_var,ins_std,ins_p05,ins_p25,ins_p50,ins_p75,ins_p95,del_mean,del_median,del_var,del_std,del_p05,del_p25,del_p50,del_p75,del_p95
AA,0.12080217308260921,0.11559065997473847,0.002564281558994809,0.050638735756284525,0.062015630945211335,0.07549156090977055,0.11559065997473847,0.15752655154024814,0.19139296965598954,0.10983637504278805,0.10153799712302204,0.0030045358668912676,0.05481364672133453,0.04402713178522434,0.06771823156175069,0.10153799712302204,0.14993638163970563,0.18667248379615864
AB,0.25678065288418406,0.2535195891215708,0.003922308948385038,0.0626283398182088,0.17757389515915806,0.21465867391167887,0.2535195891215708,0.2898978280589807,0.34579518753073124,0.24703764384851165,0.24444228399796747,0.0038549778812870914,0.06208846818280422,0.1677550814173212,0.20550981620930758,0.24444228399796747,0.2806416834871338,0.33463065143905846
AC,0.16602966986695392,0.17558651682993348,0.00173051376700424,0.04159944431124339,0.10322785003953848,0.1516381791876899,0.17558651682993348,0.18447990334737918,0.21497600637011907,0.15232295132848508,0.16416526072731974,0.0015108547859930424,0.038869715537845684,0.09178921664513479,0.14521051243480487,0.16416526072731974,0.16740041173834358,0.19373064403574264
