iteration,test_loss,accuracy,f1score,precision,recall,accuracy_per_0,accuracy_per_1,accuracy_per_2,accuracy_per_3,accuracy_per_4,accuracy_per_5,accuracy_per_6,accuracy_per_7,accuracy_per_8,accuracy_per_9
79,0.05994256367668751,0.99,0.989949965875839,0.9901093148718019,0.9898249721040668,0.9960552268244576,0.9964285714285714,0.9900398406374502,0.994328922495274,0.9811715481171548,0.9884259259259259,0.9896907216494846,0.98635477582846,0.98559670781893,0.9901574803149606
