iteration,test_loss,accuracy,f1score,precision,recall,accuracy_per_0,accuracy_per_1,accuracy_per_2,accuracy_per_3,accuracy_per_4,accuracy_per_5,accuracy_per_6,accuracy_per_7,accuracy_per_8,accuracy_per_9
79,0.5984345965749572,0.9174,0.9165815156112493,0.9167410549696084,0.9165008696282447,0.8608349900596421,0.986328125,0.8770833333333333,0.9241516966067864,0.8658777120315582,0.9885057471264368,0.7469135802469136,0.9763313609467456,0.9795501022494888,0.9594320486815415
