cluster,ins_mean,ins_median,ins_var,ins_std,ins_p05,ins_p25,ins_p50,ins_p75,ins_p95,del_mean,del_median,del_var,del_std,del_p05,del_p25,del_p50,del_p75,del_p95
AB,0.4346107941375678,0.4118321237546956,0.006014593871066825,0.07755381274358357,0.3335797967553602,0.39715397804811303,0.4118321237546956,0.4888138671300671,0.5550636797397364,0.715873790613322,0.7208459472662238,0.003692436037234351,0.06076541810301605,0.6223988258880404,0.6769055841319593,0.7208459472662238,0.7518190939891238,0.8053150473111181
AC,0.3994495459117237,0.40104527528447936,0.0023247203010360647,0.04821535337458458,0.32462790771441696,0.36940864699215004,0.40104527528447936,0.4392083091329122,0.4607078896520115,0.677413025913209,0.6764633616500029,0.0019847530404940314,0.044550567229767475,0.59955951596561,0.6648791837135408,0.6764633616500029,0.7110801452718596,0.7236970166445972
AA,0.5886650617409064,0.5660675477035974,0.004249109294096356,0.06518519229162675,0.512039282162964,0.5520199226941899,0.5660675477035974,0.6209774760181419,0.7046990298488482,0.5605015271224434,0.5528261507542709,0.0007813684022392679,0.027952967682149027,0.529349664353667,0.5374772509489211,0.5528261507542709,0.5798928457343301,0.6047652837137154
