cluster,ins_mean,ins_median,ins_var,ins_std,ins_p05,ins_p25,ins_p50,ins_p75,ins_p95,del_mean,del_median,del_var,del_std,del_p05,del_p25,del_p50,del_p75,del_p95
AB,0.6423509159302235,0.6386900594531211,0.0018897886964940726,0.0434716999494392,0.5790346400073463,0.6141679105340481,0.6386900594531211,0.6726255587983678,0.7070328985783105,0.2762893752550028,0.2745880332845371,0.0010457761165326976,0.03233846187642043,0.23669730501757003,0.25332494201188827,0.2745880332845371,0.29044944905344117,0.32639097126323297
AC,0.7234851416563497,0.7317699725418385,0.0020039468099080048,0.04476546447774227,0.6532996777426076,0.6954455144079872,0.7317699725418385,0.7518251652011173,0.7815237003518496,0.24405896351789433,0.24945742894204864,0.0005517241921600707,0.023488809934947123,0.21138761290253355,0.22546316517722137,0.24945742894204864,0.2522183211667838,0.28132367635816063
AA,0.6890679545412255,0.6867363919718491,0.003499935741543544,0.05916025474542468,0.5933294759447023,0.6546802103481952,0.6867363919718491,0.7329400774248602,0.7710748357336941,0.2488986849619046,0.23950947431041886,0.0008704128981679338,0.029502760856705154,0.21740477233277614,0.2315579652404608,0.23950947431041886,0.25269321731156547,0.3040269085830195
