cluster,ins_mean,ins_median,ins_var,ins_std,ins_p05,ins_p25,ins_p50,ins_p75,ins_p95,del_mean,del_median,del_var,del_std,del_p05,del_p25,del_p50,del_p75,del_p95
AB,0.9119905948440494,0.9174098038995485,0.0003962611440549629,0.019906309151999094,0.8808505892413089,0.8983925594344068,0.9174098038995485,0.9268062228424316,0.9364882143045364,0.28447913981527645,0.2843392749101385,0.00023293203057968612,0.015262110947692855,0.2608800065082709,0.2738508615738775,0.2843392749101385,0.2977085239904209,0.3048235668124705
AC,0.8969125269490426,0.8924986410815369,0.0006906366428534567,0.02627996656872791,0.8667398308172003,0.8744024222371861,0.8924986410815369,0.9099810277806968,0.9423283435349656,0.2623204932874277,0.2603197887896831,0.00014079436840588888,0.011865680275731724,0.2462518732061709,0.25393118619824084,0.2603197887896831,0.2708220305839129,0.279969948707879
AA,0.874086638707254,0.8714850250418374,0.0003370628660044507,0.018359271935576606,0.8525989780032808,0.8614757413835328,0.8714850250418374,0.8820108009607179,0.9034849414880061,0.2571631050504166,0.26203644018799227,0.00031014433267744374,0.01761091515729503,0.22408299336369047,0.25237800063621424,0.26203644018799227,0.2704782310323731,0.276453811707408
