cluster,ins_mean,ins_median,ins_var,ins_std,ins_p05,ins_p25,ins_p50,ins_p75,ins_p95,del_mean,del_median,del_var,del_std,del_p05,del_p25,del_p50,del_p75,del_p95
AABB,0.5756318215136539,0.5811120211841357,0.003776617622019837,0.061454191248602706,0.46656115282950306,0.5644431602550162,0.5811120211841357,0.6087403191083174,0.652405258201839,0.4764278303405991,0.4697395552735899,0.0036117232307212514,0.06009761418493459,0.40016771742742197,0.43530438857174064,0.4697395552735899,0.5235077611329642,0.5720568621937021
AAAA,0.5880758662783926,0.5934209361832413,0.002763875794668592,0.052572576450737055,0.5234044252841036,0.5473123938359896,0.5934209361832413,0.610170234995477,0.6741234670149894,0.44371085923259435,0.45433574365583784,0.00413087594958326,0.06427189082004092,0.3659021235166994,0.39810546602275143,0.45433574365583784,0.46659116453944255,0.5513667872455801
ABA,0.6008648594333328,0.5892967401115983,0.0030931705206456734,0.055616279277255445,0.5325946987799905,0.5565760618417885,0.5892967401115983,0.6312892480296415,0.6962630195991792,0.43032348819294164,0.44411800637576426,0.0025778049226364962,0.050772088027148304,0.3672472959791008,0.3862035911058832,0.44411800637576426,0.4725449757821676,0.49988631086317004
AAAB,0.6025136019895376,0.5770857998425595,0.0022845679591066747,0.04779715429925378,0.547788089590328,0.5631810104942097,0.5770857998425595,0.6477507631089172,0.6735994867713277,0.4568050155911717,0.4493153955183458,0.0024124936484246104,0.049117142103593636,0.40024339647002355,0.4130073607124437,0.4493153955183458,0.47444537959993527,0.5435417202112526
ABB,0.6305686147200654,0.6260541560106183,0.001150749791828151,0.033922703191640716,0.5795897511509824,0.6176965835928647,0.6260541560106183,0.6501696405337212,0.6818993489532161,0.40827220086400473,0.4038785546929773,0.0015399073216831414,0.03924165289183346,0.34888929406066327,0.3862466413012231,0.4038785546929773,0.4375832742080473,0.4652518672567115
AABA,0.5649897266737619,0.56296021241057,0.0009333632097385556,0.030550993596584638,0.5240137678483634,0.5434741881848498,0.56296021241057,0.5807666532155245,0.6161815141457949,0.4803620015822272,0.47041916316822613,0.000972547171995642,0.031185688576583364,0.4460499531683667,0.45529249427079377,0.47041916316822613,0.5002044939214707,0.5320790704384835
