cluster,ins_mean,ins_median,ins_var,ins_std,ins_p05,ins_p25,ins_p50,ins_p75,ins_p95,del_mean,del_median,del_var,del_std,del_p05,del_p25,del_p50,del_p75,del_p95
AB,0.438377054293065,0.4473777982846005,0.003391882849913536,0.058239873367938705,0.3532087539344947,0.3958526369137287,0.4473777982846005,0.4784720914603834,0.5151490874134543,0.6527690382619985,0.6478500937520149,0.0014160852754480089,0.03763090851212616,0.5990117173852445,0.6299589642957222,0.6478500937520149,0.6765902345695631,0.7089979809578874
AC,0.3654707265536507,0.3648256087279639,0.0026099613247681434,0.0510877805817413,0.313251712244955,0.32019138834594585,0.3648256087279639,0.390369902809519,0.453375206353106,0.7640723158708304,0.7696806648321928,0.001989435445736986,0.044603087849800105,0.6959182745537522,0.7352785208117136,0.7696806648321928,0.7856467292938922,0.8320293195103736
AA,0.7074068337464953,0.6907389312333891,0.0017820117773889208,0.04221388133527786,0.6703242414643205,0.681022608729896,0.6907389312333891,0.7188201794521689,0.7849371449843777,0.4492253883711289,0.44167597931742275,0.0007411200518289779,0.027223520195393137,0.4089668276017985,0.42988282156303137,0.44167597931742275,0.4745789282319376,0.48261583634062644
