iteration,test_loss,accuracy,f1score,precision,recall,accuracy_per_0,accuracy_per_1,accuracy_per_2,accuracy_per_3,accuracy_per_4,accuracy_per_5,accuracy_per_6,accuracy_per_7,accuracy_per_8
,0.578456461429596,0.7873850459816074,0.783842378219249,0.7853232607889731,0.7832432276011236,0.9529298751200769,0.9290444654683065,0.6232638888888888,0.9403114186851211,0.7112359550561798,0.7843426883308715,0.6670467502850627,0.6344497607655503,0.8065642458100558
