cluster,ins_mean,ins_median,ins_var,ins_std,ins_p05,ins_p25,ins_p50,ins_p75,ins_p95,del_mean,del_median,del_var,del_std,del_p05,del_p25,del_p50,del_p75,del_p95
AA,0.42823742200247694,0.43831891075496143,0.011071162454216662,0.10521959158928845,0.280558194913491,0.36180861302246176,0.43831891075496143,0.48517768832007113,0.5944339033500503,0.4238828788312787,0.4344030054919787,0.0119978006647612,0.10953447249501501,0.27065653334047957,0.3581413494871396,0.4344030054919787,0.47940001569738117,0.5993896854466279
AC,0.05887440863891805,0.0531909552737401,0.0006729714234948459,0.025941692764637505,0.023593229043218665,0.038384326369873434,0.0531909552737401,0.07740041448156768,0.09850774725796652,0.025829558189528378,0.02410544069464614,0.00014179908597289318,0.011907942138459238,0.010730842411260034,0.017475482583815448,0.02410544069464614,0.032510308941388816,0.045610713805616834
AB,0.06320158618091344,0.05620236524449398,0.0002656520288511995,0.01629883519921591,0.04321138835199998,0.0536171053094119,0.05620236524449398,0.07667085567125326,0.08752238828750011,0.03995549127050107,0.03889876883681961,0.0005782383140350172,0.024046586328105225,0.01579566229821952,0.021818258859740938,0.03889876883681961,0.04707884630762327,0.08389527651208513
