cluster,ins_mean,ins_median,ins_var,ins_std,ins_p05,ins_p25,ins_p50,ins_p75,ins_p95,del_mean,del_median,del_var,del_std,del_p05,del_p25,del_p50,del_p75,del_p95
AA,0.20425721040238554,0.20686559243788366,0.0020447115689740418,0.045218487026591696,0.1357518880831976,0.18669244369030497,0.20686559243788366,0.22831258189646522,0.26733321140385535,0.17622574228019994,0.17541469936128062,0.0018702974028006194,0.043246935183901984,0.11134977659301372,0.16087488249488066,0.17541469936128062,0.19509442565663002,0.2387000349089043
AC,0.13388372919829988,0.14089862291612312,0.001654444535159471,0.0406748636772082,0.08299961719687496,0.08990537514423094,0.14089862291612312,0.17300977756494285,0.18697486240007755,0.11098195755983843,0.10854466340338671,0.0018120068302339214,0.04256767353560588,0.051739237158217675,0.07496983759815676,0.10854466340338671,0.15261646387291172,0.16774323503452238
AB,0.25067309716363295,0.23286914586685786,0.003784870712820405,0.06152130291874844,0.17674048950501325,0.19524044201824498,0.23286914586685786,0.30705458984984696,0.3385918131319851,0.20860040877970099,0.1937672670637171,0.0037017431359808524,0.060841952105277264,0.1319336892004609,0.1540779234559602,0.1937672670637171,0.2611464278937265,0.29847841273970555
