iteration,test_loss,accuracy,f1score,precision,recall,accuracy_per_0,accuracy_per_1,accuracy_per_2,accuracy_per_3,accuracy_per_4,accuracy_per_5,accuracy_per_6,accuracy_per_7
,0.6312638627631324,0.8411214953271028,0.8082119454544892,0.8104691679442116,0.8082062440182274,0.5409836065573771,0.9743589743589743,0.8258064516129032,0.6655172413793103,0.8524590163934426,0.6643356643356644,0.954954954954955,0.9872340425531915
