cluster,ins_mean,ins_median,ins_var,ins_std,ins_p05,ins_p25,ins_p50,ins_p75,ins_p95,del_mean,del_median,del_var,del_std,del_p05,del_p25,del_p50,del_p75,del_p95
A,0.17688987542694384,0.1745383599140297,0.0019877675132605396,0.04458438642911372,0.10868376508737915,0.15033112850611535,0.1745383599140297,0.2082227662694116,0.23643684437748358,0.15394395985668016,0.16164052953775904,0.002237006122423088,0.04729699908475259,0.08652139545565563,0.12009044377257497,0.16164052953775904,0.18566241004947942,0.2191055003369107
