cluster,ins_mean,ins_median,ins_var,ins_std,ins_p05,ins_p25,ins_p50,ins_p75,ins_p95,del_mean,del_median,del_var,del_std,del_p05,del_p25,del_p50,del_p75,del_p95
A,0.11725306013020896,0.11595533727099437,0.0005424028857949835,0.02328954455962983,0.0854832451509415,0.0986685635318917,0.11595533727099437,0.1343278460019047,0.15161326028858224,0.10109913325088055,0.10769273836299462,0.00016361403190481911,0.012791170075674043,0.08132389203224803,0.08903762538043564,0.10769273836299462,0.10987426128041211,0.11485410318658197
