cluster,ins_mean,ins_median,ins_var,ins_std,ins_p05,ins_p25,ins_p50,ins_p75,ins_p95,del_mean,del_median,del_var,del_std,del_p05,del_p25,del_p50,del_p75,del_p95
A,0.26574822243011503,0.2680682924513043,0.00291547290527473,0.0539951192727151,0.20966700152244444,0.23066418255325338,0.2680682924513043,0.27612506830568895,0.3473587410547653,0.26260787013091524,0.25568674613353454,0.00470880857360166,0.06862075905731195,0.19345819735029685,0.21884907625300867,0.25568674613353454,0.2678609135336245,0.3782736005383549
