cluster,ins_mean,ins_median,ins_var,ins_std,ins_p05,ins_p25,ins_p50,ins_p75,ins_p95,del_mean,del_median,del_var,del_std,del_p05,del_p25,del_p50,del_p75,del_p95
AA,0.33821335085264703,0.34823290472258867,0.00736322588057143,0.08580924123060074,0.20801479701005002,0.2852803874404988,0.34823290472258867,0.3776103450256989,0.4716385943736672,0.33654783379049336,0.3459448714742576,0.007315139907792373,0.08552859117156306,0.206859726943046,0.283691295181396,0.3459448714742576,0.3768266088414164,0.4695300241527245
AC,0.1758217239818487,0.16967609066269476,0.001878948143359569,0.04334683544804129,0.11592783457684588,0.14840732541363466,0.16967609066269476,0.21769097700788084,0.23751210197018235,0.14148776089338863,0.13945926294591157,0.0019736672403149807,0.04442597483809422,0.0812672561095665,0.10995462387796359,0.13945926294591157,0.1859320071068145,0.20219153936878945
AB,0.6462930280249616,0.6278963741342815,0.004542588145031617,0.06739872509945286,0.5651555929199459,0.6081822040460635,0.6278963741342815,0.6778190630059282,0.7619645552440298,0.6077945997127362,0.5973392222161213,0.005826322315569887,0.07633034989812301,0.5061359424789784,0.5662582694494821,0.5973392222161213,0.6434433371579371,0.7325887092773924
