cluster,ins_mean,ins_median,ins_var,ins_std,ins_p05,ins_p25,ins_p50,ins_p75,ins_p95,del_mean,del_median,del_var,del_std,del_p05,del_p25,del_p50,del_p75,del_p95
AA,0.5024426216301291,0.4683017294231438,0.00472571018035701,0.06874380103221679,0.42853275156802473,0.45517129864947137,0.4683017294231438,0.5365680207572733,0.6280383586836784,0.4967607204860739,0.468904040895895,0.007723651889777724,0.08788430969051145,0.3932150777047624,0.4381437751363976,0.468904040895895,0.5269610396170152,0.6587370441616742
AB,0.4997908683713638,0.5286270503700409,0.010015889795266441,0.10007941744068279,0.3461246699555346,0.4225120236897298,0.5286270503700409,0.5612803982262918,0.6223573529178893,0.4988825314814957,0.5309848696068176,0.01045107159976293,0.10223048273271006,0.3415229493886606,0.4221767242775496,0.5309848696068176,0.561203180866325,0.6241357052771515
