cluster,ins_mean,ins_median,ins_var,ins_std,ins_p05,ins_p25,ins_p50,ins_p75,ins_p95,del_mean,del_median,del_var,del_std,del_p05,del_p25,del_p50,del_p75,del_p95
AA,0.25332343371738153,0.222285012435915,0.0031511259660777866,0.056134890808460534,0.19355794172026236,0.2084414960554449,0.222285012435915,0.28479163909488975,0.3485422453176603,0.2093180116012216,0.19931277144716428,0.0027734531175475263,0.0526635843590951,0.1554569602325347,0.175229810614366,0.19931277144716428,0.21354897668804873,0.30508882720263053
AC,0.26333087135807903,0.25517008959758825,0.004017275112392447,0.06338197782013785,0.17695112111598216,0.21265617480312965,0.25517008959758825,0.3047739191050587,0.3524271114447777,0.20234233200130272,0.2136962956710091,0.0039154034591897735,0.06257318482536887,0.12044951114448858,0.15380291847749167,0.2136962956710091,0.22909981841474764,0.3013864869388402
AB,0.25060366356189023,0.24689872008224123,0.002092563314225026,0.045744544092438236,0.1871361852662945,0.21359080215213205,0.24689872008224123,0.28371557326588925,0.3128078271761528,0.2253245423885472,0.22667527636897836,0.0010868476460837726,0.03296737244737245,0.17339297464807962,0.21273440966529455,0.22667527636897836,0.23848819291502185,0.2750150609695776
AD,0.24803872802044918,0.2431288568989239,0.004291004015797749,0.06550575559290762,0.1627617225168305,0.21791565961806952,0.2431288568989239,0.26141959072080556,0.35843033416209974,0.1834574078341148,0.17532159486902055,0.004881350425474351,0.06986666175991486,0.09764246020995537,0.1466536972661839,0.17532159486902055,0.1919350027922554,0.3096440839656311
