cluster,ins_mean,ins_median,ins_var,ins_std,ins_p05,ins_p25,ins_p50,ins_p75,ins_p95,del_mean,del_median,del_var,del_std,del_p05,del_p25,del_p50,del_p75,del_p95
A,0.4971068119257989,0.49393629454972116,0.0010592168981403774,0.03254561257896949,0.446188586699933,0.4799094668493584,0.49393629454972116,0.5259116882008974,0.5407382175738245,0.4854593720933991,0.4752233038857682,0.0009439490665389215,0.030723754108814918,0.44682394734437014,0.460438515282391,0.4752233038857682,0.5137096443473887,0.5280896251001614
